{"public_identifier": "kasundamaabeywardene", "profile_pic_url": null, "background_cover_image_url": null, "first_name": "kasun", "last_name": "abeywardene", "full_name": "kasun abeywardene", "follower_count": null, "occupation": null, "headline": null, "summary": null, "country": "KZ", "country_full_name": "kazakhstan", "city": null, "state": null, "experiences": [], "education": [], "languages": [], "accomplishment_organisations": [], "accomplishment_publications": [], "accomplishment_honors_awards": [], "accomplishment_patents": [], "accomplishment_courses": [], "accomplishment_projects": [], "accomplishment_test_scores": [], "volunteer_work": [], "certifications": [], "connections": 500, "people_also_viewed": [], "recommendations": [], "activities": [], "similarly_named_profiles": [], "articles": [], "groups": [], "skills": [], "inferred_salary": null, "gender": null, "birth_date": null, "industry": null, "extra": null, "interests": [], "personal_emails": [], "personal_numbers": []}
