{"public_identifier": "satyanadella", "profile_pic_url": "https://s3.us-west-000.backblazeb2.com/proxycurl/person/satyanadella/profile?X-Amz-Algorithm=AWS4-HMAC-SHA256&X-Amz-Credential=0004d7f56a0400b0000000001%2F20240305%2Fus-west-000%2Fs3%2Faws4_request&X-Amz-Date=20240305T205956Z&X-Amz-Expires=3600&X-Amz-SignedHeaders=host&X-Amz-Signature=93b10b7192f7de1d360e008d26bbcab2ce4f990a79f5d8378a041180b0c95e76", "background_cover_image_url": null, "first_name": "Satya", "last_name": "Nadella", "full_name": "Satya Nadella", "follower_count": 10747183, "occupation": "Chairman and CEO at Microsoft", "headline": "Chairman and CEO at Microsoft", "summary": "As chairman and CEO of Microsoft, I define my mission and that of my company as empowering every person and every organization on the planet to achieve more.", "country": "US", "country_full_name": "United States of America", "city": null, "state": null, "experiences": [{"starts_at": {"day": 1, "month": 2, "year": 2014}, "ends_at": null, "company": "Microsoft", "company_linkedin_profile_url": "https://www.linkedin.com/company/microsoft", "title": "Chairman and CEO", "description": null, "location": "Greater Seattle Area", "logo_url": "https://media.licdn.com/dms/image/C560BAQE88xCsONDULQ/company-logo_400_400/0/1630652622688/microsoft_logo?e=1716422400&v=beta&t=exRDIhJIoxh1cwze4zO8C4Qz6nko0UAtopMp9yGejzg"}, {"starts_at": {"day": 1, "month": 1, "year": 2017}, "ends_at": null, "company": "Starbucks", "company_linkedin_profile_url": "https://www.linkedin.com/company/starbucks", "title": "Board Member", "description": null, "location": null, "logo_url": "https://media.licdn.com/dms/image/C4D0BAQEQxk9y2rk7Hw/company-logo_400_400/0/1631316692276?e=1716422400&v=beta&t=mA1mxzOImgNxZ-jgei7rIJkh2OM3XjAEY7HeRmiI0pA"}, {"starts_at": {"day": 1, "month": 1, "year": 2018}, "ends_at": null, "company": "University of Chicago", "company_linkedin_profile_url": "https://www.linkedin.com/company/uchicago", "title": "Member Board Of Trustees", "description": null, "location": null, "logo_url": "https://media.licdn.com/dms/image/C4D0BAQHbp_dv8CAlpQ/company-logo_400_400/0/1630577480920/uchicago_logo?e=1716422400&v=beta&t=aeBLok-6bx7hGhFlcnaXX6G9yKWNXLWWSlqg_G7ofhE"}, {"starts_at": {"day": 1, "month": 1, "year": 2021}, "ends_at": {"day": 31, "month": 12, "year": 2023}, "company": "The Business Council U.S.", "company_linkedin_profile_url": "https://www.linkedin.com/company/the-business-council-us", "title": "Chairman", "description": null, "location": null, "logo_url": "https://media.licdn.com/dms/image/C4D0BAQGcnaZNpjMvrw/company-logo_400_400/0/1630557702704/the_business_council_us_logo?e=1716422400&v=beta&t=WX64dI7oZ39sLAfIgJ80InEbt8v0QysYwADcz7PDjAs"}, {"starts_at": {"day": 1, "month": 1, "year": 2016}, "ends_at": {"day": 31, "month": 12, "year": 2022}, "company": "Fred Hutch", "company_linkedin_profile_url": "https://www.linkedin.com/company/fredhutch", "title": "Board Member", "description": null, "location": null, "logo_url": "https://media.licdn.com/dms/image/D4D0BAQGF4eOou62nvQ/company-logo_400_400/0/1664795263764/fredhutch_logo?e=1716422400&v=beta&t=Uv9t18LSsx7tDwY4YuLuhfRNpH3pKOTZMhk5Ggo-qI4"}], "education": [{"starts_at": {"day": 1, "month": 1, "year": 1994}, "ends_at": {"day": 31, "month": 12, "year": 1996}, "field_of_study": null, "degree_name": null, "school": "The University of Chicago Booth School of Business", "school_linkedin_profile_url": "https://www.linkedin.com/company/8398/", "description": null, "logo_url": "https://media.licdn.com/dms/image/D560BAQFZO05jhYKSkw/company-logo_400_400/0/1692627816910/universityofchicagoboothschoolofbusiness_logo?e=1716422400&v=beta&t=xT_t1xTLXuohV7XqK2QrHlEir3gxFVhQH0HOmUnhOGU", "grade": null, "activities_and_societies": null}, {"starts_at": null, "ends_at": null, "field_of_study": "Electrical Engineering", "degree_name": "Bachelor\u2019s Degree", "school": "Manipal Institute of Technology", "school_linkedin_profile_url": "https://www.linkedin.com/company/577550/", "description": null, "logo_url": "https://media.licdn.com/dms/image/C510BAQH66KkTTZFJ2A/company-logo_400_400/0/1630615963889/manipal_institute_of_technology_logo?e=1716422400&v=beta&t=bkT1hiRtUY8zsDouYS3z-amqYjRi4ZoNDuzAYe5j0zA", "grade": null, "activities_and_societies": null}, {"starts_at": null, "ends_at": null, "field_of_study": "Computer Science", "degree_name": "Master\u2019s Degree", "school": "University of Wisconsin-Milwaukee", "school_linkedin_profile_url": "https://www.linkedin.com/company/166690/", "description": null, "logo_url": "https://media.licdn.com/dms/image/C560BAQEpdVgxPT90bg/company-logo_400_400/0/1631305960953?e=1716422400&v=beta&t=IQMHi8LAWHSP46J54VV0zxQCjXZZWCncv1g3XEA2mmo", "grade": null, "activities_and_societies": null}], "languages": [], "accomplishment_organisations": [], "accomplishment_publications": [], "accomplishment_honors_awards": [], "accomplishment_patents": [], "accomplishment_courses": [], "accomplishment_projects": [], "accomplishment_test_scores": [], "volunteer_work": [], "certifications": [], "connections": 810, "people_also_viewed": [{"link": "https://www.linkedin.com/in/n-chandrasekaran", "name": "N. Chandrasekaran", "summary": "Chairman, Tata Sons, Author of Bridgital Nation: Solving Technology's People Problem", "location": null}, {"link": "https://www.linkedin.com/in/andy-jassy-8b1615", "name": "Andy Jassy", "summary": "President and CEO at Amazon", "location": null}, {"link": "https://www.linkedin.com/in/guthriescott", "name": "Scott Guthrie", "summary": "Executive Vice President at Microsoft", "location": null}, {"link": "https://www.linkedin.com/in/williamhgates", "name": "Bill Gates", "summary": "Co-chair, Bill & Melinda Gates Foundation", "location": null}, {"link": "https://www.linkedin.com/in/dave-mckay-4189071", "name": "Dave McKay", "summary": "President & CEO at RBC", "location": null}, {"link": "https://www.linkedin.com/in/vineetasingh", "name": "Vineeta Singh", "summary": "CEO at SUGAR Cosmetics", "location": null}, {"link": "https://www.linkedin.com/in/narendramodi", "name": "Narendra Modi", "summary": "Prime Minister of India", "location": null}, {"link": "https://www.linkedin.com/in/rbranson", "name": "Richard Branson", "summary": "Founder at Virgin Group", "location": null}, {"link": "https://www.linkedin.com/in/dougmcmillon", "name": "Doug McMillon", "summary": "President & CEO at Walmart Inc.", "location": null}, {"link": "https://www.linkedin.com/in/reedhastings", "name": "Reed Hastings", "summary": "Chairman Powder & Netflix", "location": null}], "recommendations": [], "activities": [], "similarly_named_profiles": [], "articles": [], "groups": [{"profile_pic_url": "https://media.licdn.com/dms/image/C4D07AQHLjstykK1CLw/group-logo_image-shrink_400x400/0/1631002252183?e=1708707600&v=beta&t=GynVUSQDxJu8TVWpF6wXc3jneXVbG_i7pmrvTKEUrAE", "name": "Artificial Intelligence, Deep Learning, Machine Learning", "url": "https://www.linkedin.com/groups/1814785"}, {"profile_pic_url": "https://media.licdn.com/dms/image/C4D07AQHQyoqpbvwhLA/group-logo_image-shrink_48x48/0/1538129557777?e=1708707600&v=beta&t=7f5ziDb_fyJoIscmQ_OoN3jqBbelPP_0XB2DuYBTyP4", "name": "Machine Learning Community (Moderated)", "url": "https://www.linkedin.com/groups/961087"}], "skills": [], "inferred_salary": null, "gender": null, "birth_date": null, "industry": null, "extra": null, "interests": [], "personal_emails": [], "personal_numbers": []}
