{"public_identifier": "arshamg", "profile_pic_url": "https://s3.us-west-000.backblazeb2.com/proxycurl/person/arshamg/profile?X-Amz-Algorithm=AWS4-HMAC-SHA256&X-Amz-Credential=0004d7f56a0400b0000000001%2F20240306%2Fus-west-000%2Fs3%2Faws4_request&X-Amz-Date=20240306T005824Z&X-Amz-Expires=3600&X-Amz-SignedHeaders=host&X-Amz-Signature=582afd924381f0be23218ec3f50df5e8c42a5cf492dfb6af3191e1bda67d92e8", "background_cover_image_url": null, "first_name": "Arsham", "last_name": "Ghahramani, PhD", "full_name": "Arsham Ghahramani, PhD", "follower_count": 5903, "occupation": "Co-founder & Co-CEO at Ribbon", "headline": "Co-Founder & Co-CEO at Ribbon | AI copilot to land your dream job", "summary": "ribbon.cool/p/arsham\n\nEngineering leader with a track record of solving deep tech problems Building Ribbon - a verifiable social professional network. \n\nAt Amazon, I built highly scalable machine learning algorithms serving ~100MM recommendations to users per day. I was an early engineer at Ezra (series A) and led the machine learning team. I have a PhD in Machine Learning + Genomics from The Francis Crick Institute (London, UK).", "country": "CA", "country_full_name": "Canada", "city": "Toronto", "state": "Ontario", "experiences": [{"starts_at": {"day": 1, "month": 11, "year": 2022}, "ends_at": null, "company": "Ribbon", "company_linkedin_profile_url": "https://www.linkedin.com/company/ribbonprofiles", "title": "Co-founder & Co-CEO", "description": "Ribbon is where you land your dream job, grow your network, and connect with mentors. We're building a more trusted professional network with AI-powered career tools at its heart.\n\n\n\nCome join the 180K+ strong community!", "location": "Toronto, Ontario, Canada", "logo_url": "https://media.licdn.com/dms/image/D560BAQFKtjofw5rnGQ/company-logo_400_400/0/1695392905931/ribbonprofiles_logo?e=1717027200&v=beta&t=8ZhQEcZuQeCsZtzAcVDpDO0V2vikbW_rkIb66UXhA14"}, {"starts_at": {"day": 1, "month": 7, "year": 2021}, "ends_at": {"day": 31, "month": 12, "year": 2022}, "company": "Amazon", "company_linkedin_profile_url": "https://www.linkedin.com/company/amazon", "title": "Machine Learning", "description": "Multi-modal recommendation systems", "location": "Toronto, Ontario, Canada", "logo_url": "https://media.licdn.com/dms/image/C560BAQHTvZwCx4p2Qg/company-logo_400_400/0/1630640869849/amazon_logo?e=1717027200&v=beta&t=rYwgN76aphMlmdgEg-jb_aRxNXO5xNJko0BHLU46WEY"}, {"starts_at": {"day": 1, "month": 6, "year": 2020}, "ends_at": {"day": 30, "month": 6, "year": 2021}, "company": "Ezra", "company_linkedin_profile_url": "https://www.linkedin.com/company/ezrainc", "title": "Head of Machine Learning", "description": "Ezra (ezra.com) - early cancer detection. Combining advanced medical imaging (MRI) with deep learning to improve cancer screening.\n\nI led the Machine Learning Team working on both computer vision and natural language processing projects to improve and enhance early cancer detection by MRI.\n\n- Leading research and development at Ezra\n- MLOps and DevOps for machine learning at scale\n- Super-resolution of MRI scans for faster imaging\n- Structured data extraction from radiology reports (NLP)", "location": "Toronto, Ontario, Canada", "logo_url": "https://media.licdn.com/dms/image/C4D0BAQHA2R39-rkuiw/company-logo_400_400/0/1630499941543/ezrainc_logo?e=1717027200&v=beta&t=UkKljzELSmRs5QeQEHd5SVwluGto1XUqkbJtfXbAtzc"}, {"starts_at": {"day": 1, "month": 4, "year": 2019}, "ends_at": {"day": 30, "month": 6, "year": 2020}, "company": "Ezra", "company_linkedin_profile_url": "https://www.linkedin.com/company/ezrainc", "title": "Machine Learning Engineer", "description": "We developed and FDA-cleared a Prostate AI and cloud based DICOM viewer (Ezra Plexo - React/Javascript + Tensorflow/Python)", "location": "Toronto, Canada Area", "logo_url": "https://media.licdn.com/dms/image/C4D0BAQHA2R39-rkuiw/company-logo_400_400/0/1630499941543/ezrainc_logo?e=1717027200&v=beta&t=UkKljzELSmRs5QeQEHd5SVwluGto1XUqkbJtfXbAtzc"}, {"starts_at": {"day": 1, "month": 1, "year": 2018}, "ends_at": {"day": 31, "month": 12, "year": 2019}, "company": "Queueco", "company_linkedin_profile_url": "https://www.linkedin.com/company/queueco", "title": "Machine Learning Engineer", "description": "Queueco is a high frequency trading firm.\n\nDeveloped a machine learning based automated trading algorithm focused on cryptocurrencies.", "location": "London, United Kingdom", "logo_url": "https://media.licdn.com/dms/image/D4E0BAQHItPTWzs_uug/company-logo_400_400/0/1689935673682/queueco_logo?e=1717027200&v=beta&t=LypUS5KA5kGWoci7bk6ebeQTAVCH6ZiqE3at79LezVU"}, {"starts_at": {"day": 1, "month": 10, "year": 2014}, "ends_at": {"day": 30, "month": 9, "year": 2018}, "company": "The Francis Crick Institute", "company_linkedin_profile_url": "https://www.linkedin.com/company/the-francis-crick-institute", "title": "PhD Student", "description": null, "location": "London, United Kingdom", "logo_url": "https://media.licdn.com/dms/image/D4E0BAQGAtKnIjpQvvw/company-logo_400_400/0/1706605683125/the_francis_crick_institute_logo?e=1717027200&v=beta&t=Ht7L6uhOGbsObcwYe7wQ5i0mM4sxVkR-_yg0-tr5q4c"}, {"starts_at": {"day": 1, "month": 7, "year": 2013}, "ends_at": {"day": 31, "month": 8, "year": 2013}, "company": "Roche", "company_linkedin_profile_url": "https://www.linkedin.com/company/roche", "title": "Device Development Intern", "description": "Life cycle analysis and environmental impact for a range of Roche's medical devices.", "location": "Basel area, Switzerland", "logo_url": "https://media.licdn.com/dms/image/D4D0BAQHPzvTi-YutVg/company-logo_400_400/0/1688473923373/roche_logo?e=1717027200&v=beta&t=PtfiIbj1tc3ehiut7CYzfgAtoY4wE14BgEAn_T5FgEI"}, {"starts_at": {"day": 1, "month": 6, "year": 2012}, "ends_at": {"day": 30, "month": 9, "year": 2012}, "company": "Sony", "company_linkedin_profile_url": "https://www.linkedin.com/company/sony", "title": "Engineer (Summer Intern)", "description": "Research and development of an image processing algorithm to improve picture quality on medical imaging displays.", "location": "Basingstoke", "logo_url": "https://media.licdn.com/dms/image/C560BAQFeD2stV0OSRQ/company-logo_400_400/0/1630629120915/sony_logo?e=1717027200&v=beta&t=3fpbVy2DA6d3yiJ1uYS-BN597Qx8_5RdZDX2TZgYswA"}], "education": [{"starts_at": {"day": 1, "month": 1, "year": 2014}, "ends_at": {"day": 31, "month": 12, "year": 2018}, "field_of_study": "Bioinformatics", "degree_name": "Doctor of Philosophy - PhD", "school": "The Francis Crick Institute", "school_linkedin_profile_url": null, "description": "Thesis: Single cell gene regulation in the epidermis\n\nResearch carried out jointly at The Francis Crick Institute and King's College London \n\nUnder the supervision of Prof Nicholas Luscombe (The Francis Crick Institute) and Prof Fiona Watt (King's College London)", "logo_url": null, "grade": null, "activities_and_societies": null}, {"starts_at": {"day": 1, "month": 1, "year": 2014}, "ends_at": {"day": 31, "month": 12, "year": 2018}, "field_of_study": "Bioinformatics", "degree_name": "Doctor of Philosophy - PhD", "school": "King's College London", "school_linkedin_profile_url": "https://www.linkedin.com/company/7198/", "description": null, "logo_url": "https://media.licdn.com/dms/image/C560BAQEsapaVYleavg/company-logo_400_400/0/1630592448557/kings_college_london_logo?e=1717027200&v=beta&t=p8mUfSSKgaaRnfLn1e2xGfXN7aWADHSBlxkoFnV4Qj8", "grade": null, "activities_and_societies": null}, {"starts_at": {"day": 1, "month": 1, "year": 2010}, "ends_at": {"day": 31, "month": 12, "year": 2014}, "field_of_study": "Biomedical Engineering with Mechanical Engineering", "degree_name": "MEng", "school": "Imperial College London", "school_linkedin_profile_url": "https://www.linkedin.com/company/5106/", "description": null, "logo_url": "https://media.licdn.com/dms/image/D4E0BAQFIhkSnjV0YNg/company-logo_400_400/0/1688215735026?e=1717027200&v=beta&t=fC8czr6pkg5Ytd9CbodkoRheLWqlSB4rS8s86l1xq80", "grade": "First class", "activities_and_societies": null}], "languages": [], "accomplishment_organisations": [], "accomplishment_publications": [{"name": "Epidermal Wnt signalling regulates transcriptome heterogeneity and proliferative fate in neighbouring cells", "publisher": "Genome Biology", "published_on": {"day": 15, "month": 1, "year": 2018}, "description": null, "url": "https://genomebiology.biomedcentral.com/articles/10.1186/s13059-017-1384-y"}], "accomplishment_honors_awards": [], "accomplishment_patents": [], "accomplishment_courses": [], "accomplishment_projects": [], "accomplishment_test_scores": [], "volunteer_work": [{"starts_at": null, "ends_at": null, "title": "Volunteer", "cause": null, "company": "The Royal International Air Tattoo", "company_linkedin_profile_url": "https://www.linkedin.com/company/2981871/", "description": null, "logo_url": "https://media.licdn.com/dms/image/D4E0BAQHa7w0-v47CrA/company-logo_400_400/0/1688479468024/the_royal_international_air_tattoo_logo?e=1717027200&v=beta&t=t11kdsrsLvcJExzygpaECilfAX1zWKVUU6agPbVOFmc"}], "certifications": [], "connections": 3732, "people_also_viewed": [{"link": "https://www.linkedin.com/in/ashesh-jain-ba53164a", "name": "Ashesh Jain", "summary": "Co-founder & CEO Coram AI", "location": null}, {"link": "https://www.linkedin.com/in/eriktorenberg", "name": "Erik Torenberg", "summary": "Something new", "location": null}, {"link": "https://www.linkedin.com/in/riley-nelko-bb2b0846", "name": "Riley Nelko", "summary": "CEO | Co-Founder at Switch (we're hiring!)", "location": null}, {"link": "https://www.linkedin.com/in/hnayyar", "name": "Harsh Nayyar", "summary": "Co-Founder, CTO at PocketHealth | We're Hiring! \ud83d\ude80", "location": null}, {"link": "https://www.linkedin.com/in/mahdaviani", "name": "Maryam Mahdaviani", "summary": "Transforming ideas to products, Building businesses", "location": null}], "recommendations": ["Victor Augusti Negri\n\n\n\nI worked with Arsham during his PhD at Crick/KCL. Arsham is an exceptional and hardworking scientist. His incredible computational and biology skills make him a rare (and pretty good) professional in the field. Not only that, Arsham is someone who thrives in a collaborative working environment.  One of the best co-workers and scientists that I have met in my career. "], "activities": [], "similarly_named_profiles": [{"name": "Arsham Ghahramani", "link": "https://ca.linkedin.com/in/arsham-ghahramani-427a33108", "summary": "--", "location": "Canada"}], "articles": [], "groups": [], "skills": [], "inferred_salary": null, "gender": null, "birth_date": null, "industry": null, "extra": null, "interests": [], "personal_emails": [], "personal_numbers": []}
