{"public_identifier": "berniefloresca", "profile_pic_url": "https://s3.us-west-000.backblazeb2.com/proxycurl/person/berniefloresca/profile?X-Amz-Algorithm=AWS4-HMAC-SHA256&X-Amz-Credential=0004d7f56a0400b0000000001%2F20240305%2Fus-west-000%2Fs3%2Faws4_request&X-Amz-Date=20240305T223229Z&X-Amz-Expires=3600&X-Amz-SignedHeaders=host&X-Amz-Signature=114d5c16050fbfb36a799c87aef683512ab99ab8c3ca06199ae9f8dfaf59228b", "background_cover_image_url": null, "first_name": "BERNIE FLORESCA, MSc.,", "last_name": "Growth Catalyst", "full_name": "BERNIE FLORESCA, MSc., Growth Catalyst", "follower_count": 15611, "occupation": "Lecturer at Scarlet C Suite Program Illinois Tech", "headline": "\ud835\uddd8\ud835\uddf1\ud835\ude02\ud835\uddf0\ud835\uddee\ud835\ude01\ud835\uddfc\ud835\uddff #Money IQ \u22c6 \u00b9Optimizing Families' #FinancialHygiene \u272b \ud835\uddd6\ud835\uddee\ud835\uddff\ud835\uddf2\ud835\uddf2\ud835\uddff \ud835\uddd6\ud835\uddfc\ud835\uddfb\ud835\ude00\ud835\ude02\ud835\uddf9\ud835\ude01\ud835\uddee\ud835\uddfb\ud835\ude01 \u22c6 \u00b2I Position Students Before They Need The Job", "summary": "Educating and Empowering Families: \ud835\udde3\ud835\uddf2\ud835\uddfc\ud835\uddfd\ud835\uddf9\ud835\uddf2 \ud835\uddf1\ud835\uddfc\ud835\uddfb\u2019\ud835\ude01 \ud835\uddfd\ud835\uddf9\ud835\uddee\ud835\uddfb \ud835\ude01\ud835\uddfc \ud835\uddf3\ud835\uddee\ud835\uddf6\ud835\uddf9, \ud835\ude01\ud835\uddf5\ud835\uddf2\ud835\ude06 \ud835\uddf7\ud835\ude02\ud835\ude00\ud835\ude01 \ud835\uddf3\ud835\uddee\ud835\uddf6\ud835\uddf9 \ud835\ude01\ud835\uddfc \ud835\uddfd\ud835\uddf9\ud835\uddee\ud835\uddfb due to lack of #FinancialHygiene #Money IQ knowledge. World System Builder champions empowerment -- thirteen (13) free Zoom workshops weekly. We help you with basics to navigate financial complexities for your self-determined future.\n\n\u2070\ud835\udde6\ud835\ude01\ud835\ude02\ud835\uddf1\ud835\uddf2\ud835\uddfb\ud835\ude01\ud835\ude00: Send me a Connect request (vs. Follow) for hands-on initiating/nurturing business relationships 'cold.'\n\n\u00b9\ud835\uddda\ud835\uddff\ud835\uddee\ud835\uddf1\ud835\ude02\ud835\uddee\ud835\ude01\ud835\uddf2\ud835\ude00: Land your first job quicker than average [3 - 12 months]. Start getting Return on Investment [ROI] sooner on your $40K+ tuition paid ... email Bernie@BernieFloresca.com for my eBook, Get Hired Fast: Five Focus Areas.\n\nAlso, see #OneMinute Career Services tips in Featured below, and more on #GraduateToHired YouTube channel.  \n\ud83d\udca1 https://www.youtube.com/user/berniefloresca\n\n\ud83c\udd71\ud83c\udd74\ud83c\udd81\ud83c\udd7d\ud83c\udd78\ud83c\udd74 \ud83c\udd75\ud83c\udd7b\ud83c\udd7e\ud83c\udd81\ud83c\udd74\ud83c\udd82\ud83c\udd72\ud83c\udd70 is an educator who is a natural at bringing out the best in people. Bernie holds an M.S. in electrical engineering, and is trained in leadership, communication, and coaching from Landmark Education. His background includes decades as Adjunct Faculty at DeVry University / McHenry County College, program manager for AT&T Bell Laboratories, career consultant at Illinois Institute of Technology, and #Money IQ educator at \ud835\udde7\ud835\uddf5\ud835\uddf2\ud835\uddd5\ud835\uddf2\ud835\uddff\ud835\uddfb\ud835\uddf6\ud835\uddf2\ud835\uddd9\ud835\uddf9\ud835\uddfc\ud835\uddff\ud835\uddf2\ud835\ude00\ud835\uddf0\ud835\uddee.com.\n\nIin July 2020, Bernie created Graduate To Hired, an online workshop that helps students find jobs more efficiently with business strategies. Graduate To Hired is now at Illinois Tech, piloted to students in 2022, with its most recent student's power result: 12 interviews, 12 offers from 106 applications. \n\n\u00b2\ud835\uddd6\ud835\uddee\ud835\uddff\ud835\uddf2\ud835\uddf2\ud835\uddff \ud835\udde6\ud835\uddf2\ud835\uddff\ud835\ude03\ud835\uddf6\ud835\uddf0\ud835\uddf2\ud835\ude00 Directors: How does your college attract/help more students find jobs fast & address ROI expectations? How are you making graduates more confident despite a deluge of applicants? Let's position your students earlier to find jobs before they need them.\n\nSend me a DM for a quick chat to see if we could \n\n\u2705  Capitalize on shifting college relevance [that effectively thrusts career center results to the forefront],\n\u2705  Boost graduate-to-hired ratios, \n\u2705  Increase students' confidence, and\n\u2705  Make students' job search less frustrating with optimal results.\n\nSee #OneMinute tips in Featured below.", "country": "US", "country_full_name": "United States of America", "city": "Chicago", "state": "Illinois", "experiences": [{"starts_at": {"day": 1, "month": 8, "year": 2023}, "ends_at": null, "company": "Scarlet C Suite Program Illinois Tech", "company_linkedin_profile_url": "https://www.linkedin.com/company/csuiteprogramiit", "title": "Lecturer", "description": null, "location": "Chicago, Illinois, United States \u00b7 Hybrid", "logo_url": "https://media.licdn.com/dms/image/D560BAQEwl1ntIC1pjw/company-logo_400_400/0/1691777489789/csuiteprogramiit_logo?e=1717632000&v=beta&t=22o9FGJah5iSsQHJvGR3xzPbL2bquC36KYtNYac3vRA"}, {"starts_at": {"day": 1, "month": 8, "year": 2020}, "ends_at": null, "company": "Graduate To Hired   \u22c6  \ud835\uddd5\ud835\uddf2\ud835\uddff\ud835\uddfb\ud835\uddf6\ud835\uddf2 \ud835\uddd9\ud835\uddf9\ud835\uddfc\ud835\uddff\ud835\uddf2\ud835\ude00\ud835\uddf0\ud835\uddee \ud835\uddd6\ud835\uddfc\ud835\uddfb\ud835\ude00\ud835\ude02\ud835\uddf9\ud835\ude01\ud835\uddf6\ud835\uddfb\ud835\uddf4", "company_linkedin_profile_url": "https://www.linkedin.com/company/graduatetohired", "title": "Founder", "description": "Helping students/new college grads get hired fast; positioning students to find jobs before they need them.", "location": null, "logo_url": "https://media.licdn.com/dms/image/C4D0BAQHeTHLHaCjfJA/company-logo_400_400/0/1636664611203/graduatetohired_logo?e=1717632000&v=beta&t=JCBV6lvI7QRdTR0l458ofmWKtMDz0QZVLrtYzckx-3g"}, {"starts_at": {"day": 1, "month": 9, "year": 2018}, "ends_at": {"day": 31, "month": 3, "year": 2021}, "company": "Graduate To Hired   \u22c6  \ud835\uddd5\ud835\uddf2\ud835\uddff\ud835\uddfb\ud835\uddf6\ud835\uddf2 \ud835\uddd9\ud835\uddf9\ud835\uddfc\ud835\uddff\ud835\uddf2\ud835\ude00\ud835\uddf0\ud835\uddee \ud835\uddd6\ud835\uddfc\ud835\uddfb\ud835\ude00\ud835\ude02\ud835\uddf9\ud835\ude01\ud835\uddf6\ud835\uddfb\ud835\uddf4", "company_linkedin_profile_url": "https://www.linkedin.com/company/graduatetohired", "title": "Business Development Operations ", "description": "Coaches and consultants hire us for their business development outreach.", "location": null, "logo_url": "https://media.licdn.com/dms/image/C4D0BAQHeTHLHaCjfJA/company-logo_400_400/0/1636664611203/graduatetohired_logo?e=1717632000&v=beta&t=JCBV6lvI7QRdTR0l458ofmWKtMDz0QZVLrtYzckx-3g"}, {"starts_at": {"day": 1, "month": 8, "year": 2008}, "ends_at": {"day": 31, "month": 8, "year": 2018}, "company": "Graduate To Hired   \u22c6  \ud835\uddd5\ud835\uddf2\ud835\uddff\ud835\uddfb\ud835\uddf6\ud835\uddf2 \ud835\uddd9\ud835\uddf9\ud835\uddfc\ud835\uddff\ud835\uddf2\ud835\ude00\ud835\uddf0\ud835\uddee \ud835\uddd6\ud835\uddfc\ud835\uddfb\ud835\ude00\ud835\ude02\ud835\uddf9\ud835\ude01\ud835\uddf6\ud835\uddfb\ud835\uddf4", "company_linkedin_profile_url": "https://www.linkedin.com/company/graduatetohired", "title": "Account Executive", "description": "Skills: Communication \u00b7 Business Networking \u00b7 B2B Marketing \u00b7 Networking", "location": "Chicago, Illinois, United States", "logo_url": "https://media.licdn.com/dms/image/C4D0BAQHeTHLHaCjfJA/company-logo_400_400/0/1636664611203/graduatetohired_logo?e=1717632000&v=beta&t=JCBV6lvI7QRdTR0l458ofmWKtMDz0QZVLrtYzckx-3g"}, {"starts_at": {"day": 1, "month": 6, "year": 2022}, "ends_at": null, "company": "Illinois Institute of Technology", "company_linkedin_profile_url": "https://www.linkedin.com/company/illinois-tech", "title": "\ud835\uddd6\ud835\uddee\ud835\uddff\ud835\uddf2\ud835\uddf2\ud835\uddff \ud835\uddd6\ud835\uddfc\ud835\uddfb\ud835\ude00\ud835\ude02\ud835\uddf9\ud835\ude01\ud835\uddee\ud835\uddfb\ud835\ude01 \u22c6 Senior Career Coach", "description": null, "location": "Chicago, Illinois, United States", "logo_url": "https://media.licdn.com/dms/image/C4D0BAQEd6wnmQCCIHw/company-logo_400_400/0/1630559679535/illinois_institute_of_technology_logo?e=1717632000&v=beta&t=9_wR1v9lt8WVPSux8a585YLwqzmyIqxwEYp0mHeXRL0"}, {"starts_at": {"day": 1, "month": 8, "year": 2013}, "ends_at": null, "company": "McHenry County College", "company_linkedin_profile_url": "https://www.linkedin.com/company/mchenry-county-college", "title": "Adjunct Faculty", "description": "High School Equivalency \u22c6 Adult Secondary Education [ASE] \u22c6 Adult Basic Education [ABE]", "location": "Crystal Lake, IL", "logo_url": "https://media.licdn.com/dms/image/C4E0BAQGDsowYTKmMOQ/company-logo_400_400/0/1631313591399?e=1717632000&v=beta&t=DX5m0Ro0Vrlr_giPyDpkDszjaCUr3WIdrVpHhNdR1LU"}, {"starts_at": {"day": 1, "month": 2, "year": 2022}, "ends_at": null, "company": "WORLD SYSTEM BUILDER", "company_linkedin_profile_url": "https://www.linkedin.com/company/worldsystembuilder", "title": "\ud835\uddd8\ud835\uddf1\ud835\ude02\ud835\uddf0\ud835\uddee\ud835\ude01\ud835\uddfc\ud835\uddff #\ud835\udde0\ud835\uddfc\ud835\uddfb\ud835\uddf2\ud835\ude06 \ud835\udddc\ud835\udde4 ", "description": "I help families to optimize #Money IQ #FinancialHygiene. If you are equipped with correct information, you can plan properly and make the right decisions for your family, \ud835\uddef\ud835\uddf2 \ud835\ude06\ud835\uddfc\ud835\ude02\ud835\uddff \ud835\uddfc\ud835\ude04\ud835\uddfb \ud835\uddfa\ud835\uddfc\ud835\uddfb\ud835\uddf2\ud835\ude06 \ud835\uddfa\ud835\uddee\ud835\uddfb\ud835\uddee\ud835\uddf4\ud835\uddf2\ud835\uddff. We bridge financial education and financial independence.\n\nWorld System Builder champions empowerment. Thirteen (13) free Zoom workshops weekly: we help you with financial basics to navigate financial complexities for your self-determined future.\n\nOur mission: impact 30 million families positively by elevating your #MoneyIQ. \n\nWe teach you how money works, how to increase cash flow, manage debt, create an emergency fund, build long-term asset accumulation, provide proper protection for their family, and preserve your estate for future generations.\n\nA key aspect that sets World System Builder apart is our holistic approach. We don't just offer solutions; we collaborate to understand your unique goals and aspirations. Prioritizing your personalized financial strategies ensures a financial awakening tailored to your specific needs, partnering with you to help achieve your autonomy.\n\nOur impact is profound. Commitment to your financial literacy and empowering your family in decisions with your hard-earned money drives our national campaign, shaping futures where all our dreams are achievable.  \ud835\ude04\ud835\ude04\ud835\ude04.\ud835\udde7\ud835\uddf5\ud835\uddf2\ud835\uddd5\ud835\uddf2\ud835\uddff\ud835\uddfb\ud835\uddf6\ud835\uddf2\ud835\uddd9\ud835\uddf9\ud835\uddfc\ud835\uddff\ud835\uddf2\ud835\ude00\ud835\uddf0\ud835\uddee.\ud835\uddf0\ud835\uddfc\ud835\uddfa", "location": "Santa Clara, California, United States", "logo_url": "https://media.licdn.com/dms/image/C4D0BAQHFUJOPxNGN3w/company-logo_400_400/0/1631321553154?e=1717632000&v=beta&t=J4_lCRcD59FGfw4zFS7za_ymUYkw6VLZNrocJkJxDYI"}, {"starts_at": {"day": 1, "month": 1, "year": 2019}, "ends_at": {"day": 31, "month": 3, "year": 2021}, "company": "Book of Experts - by SalesMAP", "company_linkedin_profile_url": "https://www.linkedin.com/company/entrepreneurs-referral-network-international", "title": "Founding Member", "description": "Helping Consultants fix business problems: Ever wish that there was a way to get more referrals, more visibility, and more partnerships strategically in less time?", "location": "Global", "logo_url": "https://media.licdn.com/dms/image/C4D0BAQG6YO3eJpnmOw/company-logo_400_400/0/1630541320610/entrepreneurs_referral_network_international_logo?e=1717632000&v=beta&t=XLSSVyZOe_ccTZt6o0G4CY5K87_C4JA-8sdXt65ofTw"}, {"starts_at": {"day": 1, "month": 1, "year": 1992}, "ends_at": {"day": 31, "month": 12, "year": 2012}, "company": "DeVry University", "company_linkedin_profile_url": "https://www.linkedin.com/company/devry-university", "title": "Adjunct Professor", "description": "Digital Electronics \u22c6 Microcomputers \u22c6 Electronics Math \nWho's Who Among America's Teachers nominee, 2004 \u2013 2005", "location": "Chicago \u22c6 Gurnee \u22c6 Loop \u22c6 Tinley Park, IL", "logo_url": "https://media.licdn.com/dms/image/C560BAQGRQkegWyBEsg/company-logo_400_400/0/1650982846324/devry_university_logo?e=1717632000&v=beta&t=nrJn9Ng4fvsRT6KpB_31Kpie2LKMJCvShpXEwH8-dLU"}, {"starts_at": {"day": 1, "month": 1, "year": 1988}, "ends_at": {"day": 31, "month": 12, "year": 2003}, "company": "AT&T Bell Laboratories", "company_linkedin_profile_url": "https://www.linkedin.com/company/at&t-bell-laboratories", "title": "Program Manager \u22c6 Technical Staff", "description": null, "location": "Naperville \u22c6 Lisle, IL", "logo_url": "https://media.licdn.com/dms/image/C4E0BAQGlAJ3IJ85_Ng/company-logo_400_400/0/1631350718435?e=1717632000&v=beta&t=Ua8AS9L_4wJiGM5nXLKrhBRy9pDVvADGzq1BbB8teuw"}], "education": [{"starts_at": null, "ends_at": null, "field_of_study": "Electrical Engineering", "degree_name": "Master of Science - MSc.", "school": "Illinois Institute of Technology", "school_linkedin_profile_url": "https://www.linkedin.com/company/illinois-tech", "description": "[Completed \ud835\ude04\ud835\uddf5\ud835\uddf6\ud835\uddf9\ud835\uddf2 \ud835\uddf2\ud835\uddfa\ud835\uddfd\ud835\uddf9\ud835\uddfc\ud835\ude06\ud835\uddf2\ud835\uddf1 \ud835\uddf3\ud835\ude02\ud835\uddf9\ud835\uddf9-\ud835\ude01\ud835\uddf6\ud835\uddfa\ud835\uddf2 / \ud835\uddfd\ud835\uddee\ud835\uddf6\ud835\uddf1 \ud835\uddf3\ud835\uddfc\ud835\uddff by AT&T Bell Laboratories].", "logo_url": "https://media.licdn.com/dms/image/C4D0BAQEd6wnmQCCIHw/company-logo_400_400/0/1630559679535/illinois_institute_of_technology_logo?e=1717632000&v=beta&t=9_wR1v9lt8WVPSux8a585YLwqzmyIqxwEYp0mHeXRL0", "grade": null, "activities_and_societies": null}, {"starts_at": null, "ends_at": null, "field_of_study": "Digital Electronics Technician", "degree_name": "Diploma", "school": "DeVry University", "school_linkedin_profile_url": "https://www.linkedin.com/company/devry-university", "description": "[Night school \ud835\ude04\ud835\uddf5\ud835\uddf6\ud835\uddf9\ud835\uddf2 \ud835\uddf2\ud835\uddfa\ud835\uddfd\ud835\uddf9\ud835\uddfc\ud835\ude06\ud835\uddf2\ud835\uddf1 \ud835\uddf3\ud835\ude02\ud835\uddf9\ud835\uddf9-\ud835\ude01\ud835\uddf6\ud835\uddfa\ud835\uddf2].", "logo_url": "https://media.licdn.com/dms/image/C560BAQGRQkegWyBEsg/company-logo_400_400/0/1650982846324/devry_university_logo?e=1717632000&v=beta&t=nrJn9Ng4fvsRT6KpB_31Kpie2LKMJCvShpXEwH8-dLU", "grade": "\ud835\udff0.\ud835\udfec/4.0", "activities_and_societies": "Presidential Honor Society, President\u2019s List"}, {"starts_at": null, "ends_at": null, "field_of_study": "Electronics & Communications Engineering", "degree_name": "Bachelor of Science - BSc.", "school": "Saint Louis University", "school_linkedin_profile_url": "https://www.linkedin.com/company/13762133/", "description": null, "logo_url": "https://media.licdn.com/dms/image/D560BAQFi4pcaue6upA/company-logo_400_400/0/1685342376612?e=1717632000&v=beta&t=s9Pef6hMPtnO79ovMbtV7yJnFrKZ7yAuO09yFo7gsaY", "grade": null, "activities_and_societies": "\ud835\udfed\ud835\udfec\ud835\udfec% \ud835\ude00\ud835\uddf0\ud835\uddf5\ud835\uddfc\ud835\uddf9\ud835\uddee\ud835\uddff\ud835\ude00\ud835\uddf5\ud835\uddf6\ud835\uddfd for \ud835\udff1-yr degree \u25b8 SLU Special Scholarship Award; Dean\u2019s List; Academic Scholar."}], "languages": ["English", "Ilocano", "Spanish", "Tagalog"], "accomplishment_organisations": [], "accomplishment_publications": [], "accomplishment_honors_awards": [], "accomplishment_patents": [], "accomplishment_courses": [], "accomplishment_projects": [], "accomplishment_test_scores": [], "volunteer_work": [{"starts_at": {"day": 1, "month": 4, "year": 2020}, "ends_at": null, "title": "Business Mentor", "cause": "Education", "company": "Graduate To Hired", "company_linkedin_profile_url": "https://www.linkedin.com/company/72094914/", "description": "Send me a Connect request (vs. Follow) to practice initiating/nurturing #BusinessRelations 'cold.'", "logo_url": "https://media.licdn.com/dms/image/C4D0BAQHeTHLHaCjfJA/company-logo_400_400/0/1636664611203/graduatetohired_logo?e=1717632000&v=beta&t=JCBV6lvI7QRdTR0l458ofmWKtMDz0QZVLrtYzckx-3g"}, {"starts_at": {"day": 1, "month": 1, "year": 2008}, "ends_at": {"day": 31, "month": 12, "year": 2010}, "title": "President", "cause": "Education", "company": "Stouthearted Men Foundation [SMF]", "company_linkedin_profile_url": "https://www.linkedin.com/company/37024011/", "description": "Saint Louis University [SLU] Laboratory High School Alumni organization\nNon-profit foundation to provide, promote, organize or conduct civic and charitable programs, promote educational, youth and sports development in Baguio City, Philippines.\n", "logo_url": "https://media.licdn.com/dms/image/C4D0BAQE65yaFQVo3_A/company-logo_400_400/0/1631271242151/stouthearted_men_foundation_smf_logo?e=1717632000&v=beta&t=OQkJwpMw0E_n0sAwQ4T6eY1vcxgNenjO-3sUx9V4_Ms"}], "certifications": [{"starts_at": {"day": 1, "month": 10, "year": 2022}, "ends_at": null, "name": "\ud835\uddd7\ud835\ude02\ud835\uddee\ud835\uddf9\ud835\uddf6\ud835\ude01\ud835\ude06 Certificate of Completion", "license_number": null, "display_source": null, "authority": "Mindvalley", "url": null}, {"starts_at": {"day": 1, "month": 3, "year": 2022}, "ends_at": {"day": 31, "month": 12, "year": 2024}, "name": "IL Life & Health Producer", "license_number": "20273548", "display_source": null, "authority": "Illinois Department of Insurance", "url": null}], "connections": 15506, "people_also_viewed": [{"link": "https://www.linkedin.com/in/jasonhzhou?miniProfileUrn=urn%3Ali%3Afs_miniProfile%3AACoAAC9l-3UBJkXurJEKfmdrdq3PT4fKuN8w5Fc", "name": "Jason Zhou", "summary": "Aspiring Building Performance Analyst & PE | Student Director of IBPSA-USA Board | Architectural Engineering & Minor in Sustainability 3rd Year @ Illinois Tech", "location": null}, {"link": "https://www.linkedin.com/in/jamiekullman?miniProfileUrn=urn%3Ali%3Afs_miniProfile%3AACoAABXaU9IBpj2XLb8IYzGMg3JKFBZkqNo_ssI", "name": "Jamie Kullman", "summary": "Scaling my internet business to $1M+ while traveling in an RV. Documenting my entire journey on my top 1% global podcast. Get over $10,000 worth of my business courses for free \u2193", "location": null}, {"link": "https://www.linkedin.com/in/bhavesh-talreja?miniProfileUrn=urn%3Ali%3Afs_miniProfile%3AACoAACXg1HYBPeDc5diUKqPmjz52MRf88z5Zb-U", "name": "Bhavesh Talreja", "summary": "Computer Science Graduate student at Illinois Tech (2022-2024) | Data Science Intern at the Field Museum | Senior Analyst at Merkle", "location": null}, {"link": "https://www.linkedin.com/in/yes2possibility?miniProfileUrn=urn%3Ali%3Afs_miniProfile%3AACoAACwUYMkBpk5rkKFPYWxonu23GDWlok_rKb0", "name": "Julie Bruns", "summary": "Career Development Coach | Best Selling Author | Speaker | L&D Professional | Thought Leader & Podcaster", "location": null}, {"link": "https://www.linkedin.com/in/nicholasditto?miniProfileUrn=urn%3Ali%3Afs_miniProfile%3AACoAAAdwTJkBR05RoVnr_dI2WGdEV0yw04dod1o", "name": "Nicholas Ditto", "summary": "BES Fellow | Founder & CEO of Fort Worth STEAM Academy | Founding Principal of an \"A\" Rated School", "location": null}], "recommendations": ["Neil Shah\n\n\n\nDuring my time at IIT, Bernie has always been my mentor for career related questions. His practical suggestions and ideas are directly aimed at solving the root causes and extremely effective too. His years of experience is evident when he bestows the approach towards business relations (networking) and strategies to surpass every stage of the interview. Moreover, I have personally felt he naturally connects and commits to the cause with every student and this differential is his X-Factor. Thank you, Bernie!", "Thijs de Kool\n\n\n\nBernie Floresca is a growth catalyst extraordinaire! With his sharp strategic vision and knack for analyzing market trends, Bernie has an innate ability to uncover growth opportunities that others might overlook. What sets Bernie apart is not just his analytical skills, but also his genuine passion for fostering innovation and driving results. He's not afraid to think outside the box and take calculated risks to propel businesses forward. Bernie's leadership style is both inspiring and inclusive, bringing out the best in his team members and cultivating a culture of collaboration and excellence. With Bernie on board, you can trust that your business will not only grow but thrive in today's ever-evolving landscape."], "activities": [{"title": "I am a recovering perfectionist.It is a disempowered belief I adopted early in my childhood fueled by my need to be in control and driven by fear\u2026", "link": "https://www.linkedin.com/posts/sharri-freedman-your-divorce-coach_coaching-divorce-support-activity-7047163354779447296-iIIf", "activity_status": "Liked by BERNIE FLORESCA, MSc, Growth Catalyst"}], "similarly_named_profiles": [], "articles": [{"title": "Job Hunting As A New Grad?", "link": "https://www.linkedin.com/pulse/job-hunting-new-grad-bernie-floresca-msc-", "published_date": {"day": 23, "month": 1, "year": 2020}, "author": "By BERNIE FLORESCA, MSc, Growth Catalyst", "image_url": "https://media.licdn.com/dms/image/C4D12AQGLid_ZzeYevA/article-cover_image-shrink_180_320/0/1590786238151?e=2147483647&v=beta&t=Fq7Nt0oe4Ipvgje2sEk3Jde0VN1zknKjkmfuavRGNzM"}, {"title": "Clear Your Thoughts", "link": "https://www.linkedin.com/pulse/clear-your-thoughts-bernie-floresca", "published_date": {"day": 5, "month": 1, "year": 2018}, "author": "By BERNIE FLORESCA, MSc, Growth Catalyst", "image_url": "https://media.licdn.com/dms/image/C4E12AQHBU8zHAVrQjw/article-cover_image-shrink_423_752/0/1528200833810?e=2147483647&v=beta&t=-iLtCNO7LQFYaunHQZLZg-ArT8hnNGqRTQkRMODfnTQ"}, {"title": "Life is Hectic", "link": "https://www.linkedin.com/pulse/life-hectic-bernie-floresca", "published_date": {"day": 14, "month": 5, "year": 2018}, "author": "By BERNIE FLORESCA, MSc, Growth Catalyst", "image_url": "https://media.licdn.com/dms/image/C4E12AQFvoj3hQGy0cQ/article-cover_image-shrink_180_320/0/1526299739861?e=2147483647&v=beta&t=SPXT1No9NvMFQay2B2201OnZlJrPfCfcZ69jtYoZfVI"}], "groups": [{"profile_pic_url": "https://media.licdn.com/dms/image/C4D07AQGA1RpdkT7bxw/group-logo_image-shrink_48x48/0/1631002166883?e=1709906400&v=beta&t=SvoKhWwxKW_sBKMZ13xbGxCNE8-ONQH6hGNp_QJu_Ac", "name": "Breaking Money Silence\u00ae on Women and Wealth", "url": "https://www.linkedin.com/groups/1883776"}, {"profile_pic_url": "https://media.licdn.com/dms/image/C4E07AQFa4aTNhhsK6g/group-logo_image-shrink_48x48/0/1630998120083?e=1709906400&v=beta&t=RmABA2G8hYEsycoZTPFOFh_8R5cK6pjkDmbICTZDsH8", "name": "The 2-Hour Job Search & The Job Closer - Q&A Forum", "url": "https://www.linkedin.com/groups/4930157"}], "skills": [], "inferred_salary": null, "gender": null, "birth_date": null, "industry": null, "extra": null, "interests": [], "personal_emails": ["nardof@aol.com"], "personal_numbers": []}
