{"public_identifier": "chriskempczinski", "profile_pic_url": "https://s3.us-west-000.backblazeb2.com/proxycurl/person/chriskempczinski/profile?X-Amz-Algorithm=AWS4-HMAC-SHA256&X-Amz-Credential=0004d7f56a0400b0000000001%2F20240306%2Fus-west-000%2Fs3%2Faws4_request&X-Amz-Date=20240306T034937Z&X-Amz-Expires=3600&X-Amz-SignedHeaders=host&X-Amz-Signature=6461f84e402b51c6c01f2b6f0e1dd7729afa627a682252e28dd155d949666f67", "background_cover_image_url": "https://s3.us-west-000.backblazeb2.com/proxycurl/person/chriskempczinski/cover?X-Amz-Algorithm=AWS4-HMAC-SHA256&X-Amz-Credential=0004d7f56a0400b0000000001%2F20240306%2Fus-west-000%2Fs3%2Faws4_request&X-Amz-Date=20240306T034937Z&X-Amz-Expires=3600&X-Amz-SignedHeaders=host&X-Amz-Signature=ef69020acba6ee7ddf41cea0d98bf113a9bba2cfecacbb957c66ab89ffd6e135", "first_name": "Chris", "last_name": "Kempczinski", "full_name": "Chris Kempczinski", "follower_count": 81630, "occupation": "President and Chief Executive Officer at McDonald's", "headline": "President and Chief Executive Officer at McDonald's Corporation", "summary": "As President and CEO of McDonald\u2019s, Chris leads the millions of dedicated McFamily members who help create delicious, feel-good moments for everyone.\n\nChris is responsible for driving McDonald\u2019s growth strategy, Accelerating the Arches, and ensuring that the Company\u2019s values are embedded throughout the System as the filter through which all our business decisions are made, bringing its corporate purpose \u2013 to feed and foster communities \u2013 to life.\n\nPrior to becoming CEO, Chris served as President of McDonald\u2019s USA, leading the business operations of approximately 14,000 McDonald\u2019s restaurants throughout the United States.\n\nChris joined McDonald\u2019s in 2015 as Executive Vice President, Strategy, Business Development and Innovation.\u202f In this role, he worked closely with our business leaders and franchisees to identify innovative new ideas and best practices to accelerate system growth.\n\nChris has more than 25 years of experience working in premier global consumer companies.\u202f He began his career in brand management at Procter & Gamble, and also held senior positions at PepsiCo, and most recently at Kraft Foods where he was EVP, Growth Initiatives and President, International.\u202f\n\nIn addition to serving on the McDonald\u2019s Board of Directors, he is also a trustee of Ronald McDonald House Charities. Outside of McDonald\u2019s, Chris serves on the Board of Directors for Procter & Gamble.\n\nChris is a proud alumnus of both Duke University and Harvard Business School. He lives in Chicago, Illinois, with his wife and two kids.", "country": "US", "country_full_name": "United States of America", "city": "Greater Chicago Area", "state": null, "experiences": [{"starts_at": {"day": 1, "month": 1, "year": 2019}, "ends_at": null, "company": "McDonald's", "company_linkedin_profile_url": "https://www.linkedin.com/company/mcdonald's-corporation/", "title": "President and Chief Executive Officer", "description": null, "location": null, "logo_url": "https://media.licdn.com/dms/image/C4E0BAQHWxquJ9PJxvw/company-logo_400_400/0/1630594652024/mcdonalds_corporation_logo?e=1716422400&v=beta&t=oyHUuTXxdrW_mISsHt86iZuk9LB_og-RPcYivqQXtGc"}, {"starts_at": {"day": 1, "month": 1, "year": 2017}, "ends_at": {"day": 31, "month": 1, "year": 2019}, "company": "McDonald's", "company_linkedin_profile_url": "https://www.linkedin.com/company/mcdonald's-corporation/", "title": "President of McDonald's USA", "description": null, "location": null, "logo_url": "https://media.licdn.com/dms/image/C4E0BAQHWxquJ9PJxvw/company-logo_400_400/0/1630594652024/mcdonalds_corporation_logo?e=1716422400&v=beta&t=oyHUuTXxdrW_mISsHt86iZuk9LB_og-RPcYivqQXtGc"}, {"starts_at": {"day": 1, "month": 1, "year": 2015}, "ends_at": {"day": 31, "month": 1, "year": 2017}, "company": "McDonald's", "company_linkedin_profile_url": "https://www.linkedin.com/company/mcdonald's-corporation/", "title": "Corporate Executive Vice President - Strategy, Business Development and Innovation", "description": null, "location": null, "logo_url": "https://media.licdn.com/dms/image/C4E0BAQHWxquJ9PJxvw/company-logo_400_400/0/1630594652024/mcdonalds_corporation_logo?e=1716422400&v=beta&t=oyHUuTXxdrW_mISsHt86iZuk9LB_og-RPcYivqQXtGc"}, {"starts_at": {"day": 1, "month": 1, "year": 2014}, "ends_at": {"day": 31, "month": 1, "year": 2015}, "company": "The Kraft Heinz Company", "company_linkedin_profile_url": "https://www.linkedin.com/company/the-kraft-heinz-company/", "title": "Executive Vice President of Growth Initiatives and President, International", "description": null, "location": null, "logo_url": "https://media.licdn.com/dms/image/D560BAQGdXMOCoaAAMg/company-logo_400_400/0/1693573162225/the_kraft_heinz_company_logo?e=1716422400&v=beta&t=h-rfJYBq-6FOAoUw2MZqDZEnpu8ehgKEkgq_rd5jjSE"}, {"starts_at": {"day": 1, "month": 1, "year": 2012}, "ends_at": {"day": 31, "month": 1, "year": 2014}, "company": "The Kraft Heinz Company", "company_linkedin_profile_url": "https://www.linkedin.com/company/the-kraft-heinz-company/", "title": "President of Kraft Canada", "description": null, "location": null, "logo_url": "https://media.licdn.com/dms/image/D560BAQGdXMOCoaAAMg/company-logo_400_400/0/1693573162225/the_kraft_heinz_company_logo?e=1716422400&v=beta&t=h-rfJYBq-6FOAoUw2MZqDZEnpu8ehgKEkgq_rd5jjSE"}, {"starts_at": {"day": 1, "month": 1, "year": 2008}, "ends_at": {"day": 31, "month": 1, "year": 2012}, "company": "The Kraft Heinz Company", "company_linkedin_profile_url": "https://www.linkedin.com/company/the-kraft-heinz-company/", "title": "Senior Vice President \u2013 U.S. Grocery", "description": null, "location": null, "logo_url": "https://media.licdn.com/dms/image/D560BAQGdXMOCoaAAMg/company-logo_400_400/0/1693573162225/the_kraft_heinz_company_logo?e=1716422400&v=beta&t=h-rfJYBq-6FOAoUw2MZqDZEnpu8ehgKEkgq_rd5jjSE"}, {"starts_at": {"day": 1, "month": 1, "year": 2005}, "ends_at": {"day": 31, "month": 1, "year": 2008}, "company": "PepsiCo", "company_linkedin_profile_url": "https://www.linkedin.com/company/pepsico/", "title": "Vice President, Non-Carbonated Beverages", "description": null, "location": null, "logo_url": "https://media.licdn.com/dms/image/C4E0BAQES6SfNFl84wA/company-logo_400_400/0/1679328336145/pepsico_logo?e=1716422400&v=beta&t=MlgzlVPUa_xBLfu6qqStf4dmChAmhYugsp2jh5DSdvw"}, {"starts_at": {"day": 1, "month": 1, "year": 2003}, "ends_at": {"day": 31, "month": 1, "year": 2005}, "company": "PepsiCo", "company_linkedin_profile_url": "https://www.linkedin.com/company/pepsico/", "title": "Vice President, Aquafina", "description": null, "location": null, "logo_url": "https://media.licdn.com/dms/image/C4E0BAQES6SfNFl84wA/company-logo_400_400/0/1679328336145/pepsico_logo?e=1716422400&v=beta&t=MlgzlVPUa_xBLfu6qqStf4dmChAmhYugsp2jh5DSdvw"}, {"starts_at": {"day": 1, "month": 1, "year": 2000}, "ends_at": {"day": 31, "month": 1, "year": 2003}, "company": "PepsiCo", "company_linkedin_profile_url": "https://www.linkedin.com/company/pepsico/", "title": "Director, Corporate Strategy & Development", "description": null, "location": null, "logo_url": "https://media.licdn.com/dms/image/C4E0BAQES6SfNFl84wA/company-logo_400_400/0/1679328336145/pepsico_logo?e=1716422400&v=beta&t=MlgzlVPUa_xBLfu6qqStf4dmChAmhYugsp2jh5DSdvw"}, {"starts_at": {"day": 1, "month": 1, "year": 1997}, "ends_at": {"day": 31, "month": 1, "year": 2000}, "company": "Boston Consulting Group (BCG)", "company_linkedin_profile_url": "https://www.linkedin.com/company/boston-consulting-group/", "title": "Project Leader & Consultant", "description": null, "location": null, "logo_url": "https://media.licdn.com/dms/image/D4D0BAQHNZE0CugLtDg/company-logo_400_400/0/1692025007014/boston_consulting_group_logo?e=1716422400&v=beta&t=TkSE63JqSDPl15sYUSEnMThzND4uvyoSlpPZkL-9mLs"}, {"starts_at": {"day": 1, "month": 1, "year": 1991}, "ends_at": {"day": 31, "month": 1, "year": 1995}, "company": "Procter & Gamble", "company_linkedin_profile_url": "https://www.linkedin.com/company/procter-and-gamble/", "title": "Brand Manager, Soap Sector", "description": null, "location": null, "logo_url": "https://media.licdn.com/dms/image/C4D0BAQGGCd-fMXfRWw/company-logo_400_400/0/1661448432247/procter_and_gamble_logo?e=1716422400&v=beta&t=Y1mlmTYL6XnIlxUdBiOHpPpVt0DSTHJ1_IF-_APOpy0"}], "education": [{"starts_at": null, "ends_at": null, "field_of_study": null, "degree_name": null, "school": "Duke University", "school_linkedin_profile_url": null, "description": null, "logo_url": "https://media.licdn.com/dms/image/D4E0BAQE1nqQztnbgIA/company-logo_400_400/0/1704127476142/duke_university_logo?e=1716422400&v=beta&t=XRQgtue2PkCZtDENX0DFGWtgNOJTjmbMvpr_74R8k3o", "grade": null, "activities_and_societies": null}, {"starts_at": null, "ends_at": null, "field_of_study": null, "degree_name": null, "school": "Harvard Business School", "school_linkedin_profile_url": null, "description": null, "logo_url": "https://media.licdn.com/dms/image/C4D0BAQF_DkXTlZVo1w/company-logo_400_400/0/1639781479259/harvard_business_school_logo?e=1716422400&v=beta&t=eOcOSWTkIzd86Uep8mM5E6D87eRJ7GrXqHk-vt3dd-M", "grade": null, "activities_and_societies": null}], "languages": [], "accomplishment_organisations": [], "accomplishment_publications": [], "accomplishment_honors_awards": [], "accomplishment_patents": [], "accomplishment_courses": [], "accomplishment_projects": [], "accomplishment_test_scores": [], "volunteer_work": [], "certifications": [], "connections": null, "people_also_viewed": [{"link": "https://www.linkedin.com/in/johnjosephokeefe", "name": "John O'Keefe", "summary": "I recently transferred ownership of my 10 McDonalds restaurants to my sons. I\u2019m open to the idea of Consulting in the Franchise Restaurant area and sharing my 40 plus years of business experience.", "location": null}, {"link": "https://www.linkedin.com/in/luis-quintiliano", "name": "Luis Quintiliano", "summary": "President at McDonald's Spain", "location": null}, {"link": "https://www.linkedin.com/in/amy-weaver-b800762", "name": "Amy Weaver", "summary": "President & Chief Financial Officer at Salesforce", "location": null}, {"link": "https://www.linkedin.com/in/joe-erlinger-7445b88", "name": "Joe Erlinger", "summary": "President, McDonald's USA at McDonald's", "location": null}, {"link": "https://www.linkedin.com/in/anthonycapuano", "name": "Anthony Capuano", "summary": "President and Chief Executive Officer at Marriott International", "location": null}, {"link": "https://www.linkedin.com/in/pano-christou-3338b31b", "name": "Pano Christou", "summary": "Chief Executive Officer Pret A Manger", "location": null}, {"link": "https://www.linkedin.com/in/mich\u00e8le-boudria-63660617", "name": "Mich\u00e8le Boudria", "summary": "President & CEO, McDonald's Canada", "location": null}, {"link": "https://www.linkedin.com/in/myra-doria-8b759552", "name": "Myra Doria", "summary": "National Field President at McDonald's Corporation", "location": null}, {"link": "https://www.linkedin.com/in/ian-borden", "name": "Ian Borden", "summary": "Executive Vice President and Chief Financial Officer at McDonald\u2019s | Profitable Growth through Modernized Financial Systems, Cross-Market Idea Generation & Talent Development", "location": null}, {"link": "https://www.linkedin.com/in/manu-steijaert", "name": "Manu Steijaert", "summary": "Chief Customer Officer, McDonald\u2019s | Shaping the Future of Customer Experience through Digital-First Innovations and Customer-Centric Strategies", "location": null}], "recommendations": [], "activities": [], "similarly_named_profiles": [{"name": "Chris Kempczinski", "link": "https://www.linkedin.com/in/chris-kempczinski-89784b1ab", "summary": "CEO na McDonald's", "location": "Cincinnati, OH"}, {"name": "Chris Kempczinski", "link": "https://www.linkedin.com/in/chris-kempczinski-b77688246", "summary": "Helping Businesses Remove False and Negative Online Reviews!", "location": "United States"}], "articles": [], "groups": [], "skills": [], "inferred_salary": null, "gender": null, "birth_date": null, "industry": null, "extra": null, "interests": [], "personal_emails": [], "personal_numbers": []}
