{"public_identifier": "deekshitha-gangam", "profile_pic_url": "https://s3.us-west-000.backblazeb2.com/proxycurl/person/deekshitha-gangam/profile?X-Amz-Algorithm=AWS4-HMAC-SHA256&X-Amz-Credential=0004d7f56a0400b0000000001%2F20240306%2Fus-west-000%2Fs3%2Faws4_request&X-Amz-Date=20240306T031905Z&X-Amz-Expires=3600&X-Amz-SignedHeaders=host&X-Amz-Signature=ea0a1e10cfd5cb32b798df5267cffa39774b1587ac88306972dd64ea66c57bc7", "background_cover_image_url": null, "first_name": "Deekshitha", "last_name": "Gangam", "full_name": "Deekshitha Gangam", "follower_count": 890, "occupation": "Associate Coach at Illinois Institute of Technology", "headline": "Graduate Student at Illinois Institute of Technology || Ex-Accenture", "summary": "As a graduate student at the Illinois Institute of Technology, I am passionately dedicated to expanding my skill set and knowledge to excel in my career. My academic journey is focused on continual exploration and learning, with a keen interest in acquiring new skills to leverage and showcase my talents.\n\nWith a strong foundation in data analysis, visualization, and statistical modeling, I have honed my expertise in programming languages such as Java, Python and SQL. My commitment to staying at the forefront of technological advancements is evident in my proficiency in these languages, allowing me to tackle complex challenges in the field.\n\nDrawing from my professional experience as a former Application Development Analyst at Accenture, I have acquired hands-on expertise in Robotic Process Automation (RPA) and Java. This practical experience has significantly expanded my technical knowledge and provided me with valuable insights into cutting-edge technologies.\n\nI am excited about the prospect of contributing my skills and knowledge to future projects, both in academia and industry, as I continue to grow and thrive in the dynamic landscape of technology.", "country": "US", "country_full_name": "United States of America", "city": "Chicago", "state": "Illinois", "experiences": [{"starts_at": {"day": 1, "month": 9, "year": 2023}, "ends_at": null, "company": "Illinois Institute of Technology", "company_linkedin_profile_url": "https://www.linkedin.com/company/illinois-tech", "title": "Associate Coach", "description": null, "location": "Chicago, Illinois, United States \u00b7 On-site", "logo_url": "https://media.licdn.com/dms/image/C4D0BAQEd6wnmQCCIHw/company-logo_400_400/0/1630559679535/illinois_institute_of_technology_logo?e=1717632000&v=beta&t=9_wR1v9lt8WVPSux8a585YLwqzmyIqxwEYp0mHeXRL0"}, {"starts_at": {"day": 1, "month": 9, "year": 2022}, "ends_at": {"day": 31, "month": 12, "year": 2022}, "company": "Accenture", "company_linkedin_profile_url": "https://www.linkedin.com/company/accenture", "title": "Application Development Analyst", "description": null, "location": "Hyderabad, Telangana, India", "logo_url": "https://media.licdn.com/dms/image/D4E0BAQGTUswcRlgg9A/company-logo_400_400/0/1689352303687/accenture_logo?e=1717632000&v=beta&t=ylUAT9MwW7PErVIQ7d7GkQZdh8oB_leJXdqCoTeow3A"}, {"starts_at": {"day": 1, "month": 7, "year": 2021}, "ends_at": {"day": 31, "month": 8, "year": 2022}, "company": "Accenture", "company_linkedin_profile_url": "https://www.linkedin.com/company/accenture", "title": "Application Development Associate", "description": null, "location": "India", "logo_url": "https://media.licdn.com/dms/image/D4E0BAQGTUswcRlgg9A/company-logo_400_400/0/1689352303687/accenture_logo?e=1717632000&v=beta&t=ylUAT9MwW7PErVIQ7d7GkQZdh8oB_leJXdqCoTeow3A"}], "education": [{"starts_at": {"day": 1, "month": 1, "year": 2023}, "ends_at": {"day": 31, "month": 12, "year": 2024}, "field_of_study": "Information Technology and Management ", "degree_name": "Master of Science - MS", "school": "Illinois Institute of Technology", "school_linkedin_profile_url": "https://www.linkedin.com/company/illinois-tech", "description": "Specialization in Data Analytics and Management", "logo_url": "https://media.licdn.com/dms/image/C4D0BAQEd6wnmQCCIHw/company-logo_400_400/0/1630559679535/illinois_institute_of_technology_logo?e=1717632000&v=beta&t=9_wR1v9lt8WVPSux8a585YLwqzmyIqxwEYp0mHeXRL0", "grade": "3.6/4", "activities_and_societies": null}, {"starts_at": {"day": 1, "month": 1, "year": 2017}, "ends_at": {"day": 31, "month": 12, "year": 2021}, "field_of_study": "computer science and engineering", "degree_name": "Bachelor of Technology - BTech", "school": "INSTITUTE OF AERONAUTICAL ENGINEERING", "school_linkedin_profile_url": "https://www.linkedin.com/company/2712285/", "description": null, "logo_url": "https://media.licdn.com/dms/image/D4E0BAQHy9m1CaSIb5Q/company-logo_400_400/0/1702622413342/institute_of_aeronautical_engineering_logo?e=1717632000&v=beta&t=VhKC6l6WK8eWUJSXsNoFvGJ6GEK-bVHW7Lr-jaQ4iI0", "grade": "8.81/10", "activities_and_societies": null}], "languages": [], "accomplishment_organisations": [], "accomplishment_publications": [], "accomplishment_honors_awards": [{"title": "Accenture PINNACLE FY22 H1 Winner Award", "issuer": "Accenture", "issued_on": {"day": 1, "month": 4, "year": 2022}, "description": "PinNAcle awards is a flagship recognition program aimed to give a shout-out to the people for accomplishing unique and impactful results by delivering on the promise of client and community. This award is for appreciate the excellence."}], "accomplishment_patents": [], "accomplishment_courses": [], "accomplishment_projects": [{"starts_at": {"day": 1, "month": 10, "year": 2023}, "ends_at": {"day": 30, "month": 11, "year": 2023}, "title": "SheShield: Women's Safety Application", "description": "Developed and led implementation of SheShield, a women's safety application focused on providing an\ninnovative and reliable security solution.\nIntegrated Firebase authentication to establish a secure user access system, ensuring the privacy and safety of users.\nImplemented background services for continuous location monitoring, enabling real-time updates for\nemergency contacts and reducing response times during critical situations.\nDesigned and optimized the user-friendly interface, emphasizing simplicity for efficient use, especially in high-\nstress scenarios.\nCollaborated with cross-functional teams, including product managers and UX/UI designers, to align\ndevelopment goals with the overall vision and mission of SheShield.", "url": null}, {"starts_at": {"day": 1, "month": 10, "year": 2020}, "ends_at": {"day": 31, "month": 3, "year": 2021}, "title": "Hiding Fingerprint In an Iris Image Based on Texture Feature", "description": "Developed software to hide secret information and data within an image or video to avoid detection using MATLAB.\nOptimized using technologies such as steganography, cryptography, and DWT, resulting in a 10% improvement in performance and a 5% reduction in security risks.\nCollaborated with cross-disciplinary teams, including experts in image processing, cryptography, and artificial intelligence, to ensure a comprehensive approach to data concealment.\nSuccessfully managed the project timeline from conceptualization to implementation, demonstrating strong project management skills.", "url": null}], "accomplishment_test_scores": [], "volunteer_work": [], "certifications": [{"starts_at": {"day": 1, "month": 1, "year": 2024}, "ends_at": null, "name": "Career Essentials in Data Analysis by Microsoft and LinkedIn", "license_number": null, "display_source": "www.linkedin.com", "authority": "Microsoft", "url": "https://www.linkedin.com/learning/certificates/dbdb6584cec7998c96495e655744b7a13596e4b78264367af4583e0b572963b4"}, {"starts_at": {"day": 1, "month": 1, "year": 2024}, "ends_at": null, "name": "JPMorgan Chase & Co. - Excel Skills Job Simulation", "license_number": "WkEBQj7fB8mL2Jnrq", "display_source": "www.linkedin.com", "authority": "Forage", "url": "https://www.linkedin.com/learning/certificates/dbdb6584cec7998c96495e655744b7a13596e4b78264367af4583e0b572963b4"}], "connections": 889, "people_also_viewed": [], "recommendations": [], "activities": [], "similarly_named_profiles": [], "articles": [], "groups": [{"profile_pic_url": "https://media.licdn.com/dms/image/D5607AQEtvSu2ArjIoQ/group-logo_image-shrink_400x400/0/1690995189755?e=1710223200&v=beta&t=7_JvXcsFF2yh-z_szWMsazS_xu9iLuPhYwmg98bS568", "name": "Illinois Tech Stuart Career Management Center", "url": "https://www.linkedin.com/groups/1369727"}, {"profile_pic_url": "https://media.licdn.com/dms/image/D5607AQG7bipm7ZScgQ/group-logo_image-shrink_400x400/0/1695559679938?e=1710223200&v=beta&t=R1G5M5t54b4hHs14Y2vNNCOL8gTKhA1z-p399fxxJvk", "name": "Illinois Tech \ud835\uddd6\ud835\uddee\ud835\uddff\ud835\uddf2\ud835\uddf2\ud835\uddff \ud835\udde6\ud835\uddf2\ud835\uddff\ud835\ude03\ud835\uddf6\ud835\uddf0\ud835\uddf2\ud835\ude00", "url": "https://www.linkedin.com/groups/14088794"}], "skills": [], "inferred_salary": null, "gender": null, "birth_date": null, "industry": null, "extra": null, "interests": [], "personal_emails": [], "personal_numbers": []}
