{"public_identifier": "diwakar-nayak-01355020a", "profile_pic_url": "https://s3.us-west-000.backblazeb2.com/proxycurl/person/diwakar-nayak-01355020a/profile?X-Amz-Algorithm=AWS4-HMAC-SHA256&X-Amz-Credential=0004d7f56a0400b0000000001%2F20240306%2Fus-west-000%2Fs3%2Faws4_request&X-Amz-Date=20240306T032346Z&X-Amz-Expires=3600&X-Amz-SignedHeaders=host&X-Amz-Signature=004cbdbb0d03c1928c97fa027cb57e5113cca5608dac2a200d65e923cedce07c", "background_cover_image_url": "https://s3.us-west-000.backblazeb2.com/proxycurl/person/diwakar-nayak-01355020a/cover?X-Amz-Algorithm=AWS4-HMAC-SHA256&X-Amz-Credential=0004d7f56a0400b0000000001%2F20240306%2Fus-west-000%2Fs3%2Faws4_request&X-Amz-Date=20240306T032346Z&X-Amz-Expires=3600&X-Amz-SignedHeaders=host&X-Amz-Signature=3d58cb12e31ea81c3e4e982767db2e3d2f2e28eceabd916d05060e3444337f0b", "first_name": "Diwakar", "last_name": "Nayak", "full_name": "Diwakar Nayak", "follower_count": 347, "occupation": "Software Developer at Capgemini", "headline": "Actively Looking for Full-Time Opportunities ll Graduate student at CENTRAL MICHIGAN UNIVERSITY  Information Systems", "summary": "As a graduate student at Central Michigan University, I'm interested in exploring and learning new skills in order to enhance my knowledge and expose my talents in my career. Skilled in data analysis, visualization, and statistical modeling, with a strong foundation in programming languages such as Python and SQL. As a former employee at Capgemini, I gained hands-on experience in Robotic Process Automation (RPA) and Linux, expanding my technical Knowledge. \n\nCommitted to continuous learning and professional growth, I am eager to apply my knowledge and skills to solve complex business challenges. Looking forward for a challenging and dynamic working environment which encourages me to grow professionally and also provide me with an opportunity to enhance my skills and knowledge.\n\nIf you are interested in my profile please reach out to me at banav1d@cmich.edu", "country": "US", "country_full_name": "United States of America", "city": "Madison Heights", "state": "Michigan", "experiences": [{"starts_at": {"day": 1, "month": 10, "year": 2021}, "ends_at": {"day": 31, "month": 8, "year": 2022}, "company": "Capgemini", "company_linkedin_profile_url": "https://www.linkedin.com/company/capgemini", "title": "Software Developer", "description": null, "location": "India", "logo_url": "https://media.licdn.com/dms/image/D4D0BAQH-ZV832H4sdA/company-logo_400_400/0/1705572256355/capgemini_logo?e=1717632000&v=beta&t=VwA6O19OxIRfJI-w5-DVw4omFgjSyGeOZmIEqxEDid8"}], "education": [{"starts_at": {"day": 1, "month": 8, "year": 2022}, "ends_at": {"day": 31, "month": 5, "year": 2024}, "field_of_study": "Information Systems", "degree_name": "Master of Science - MS", "school": "Central Michigan University", "school_linkedin_profile_url": "https://www.linkedin.com/company/162966/", "description": "Skills: Data Visualization \u00b7 Git \u00b7 Business Analytics \u00b7 Project Management", "logo_url": "https://media.licdn.com/dms/image/C560BAQEpF8plk8R_Bw/company-logo_400_400/0/1676584830061/central_michigan_university_logo?e=1717632000&v=beta&t=rEfYzL2AgN3wlcsV5qzQHpD9K0XFaYc6kD884Z1Vo_I", "grade": null, "activities_and_societies": "Basketball,Badminton"}, {"starts_at": {"day": 1, "month": 8, "year": 2017}, "ends_at": {"day": 31, "month": 5, "year": 2021}, "field_of_study": "Computer Science", "degree_name": "Bachelor of Technology - BTech", "school": "INSTITUTE OF AERONAUTICAL ENGINEERING", "school_linkedin_profile_url": "https://www.linkedin.com/company/2712285/", "description": "Skills: SQL \u00b7 Python (Programming Language)", "logo_url": "https://media.licdn.com/dms/image/D4E0BAQHy9m1CaSIb5Q/company-logo_400_400/0/1702622413342/institute_of_aeronautical_engineering_logo?e=1717632000&v=beta&t=VhKC6l6WK8eWUJSXsNoFvGJ6GEK-bVHW7Lr-jaQ4iI0", "grade": null, "activities_and_societies": null}, {"starts_at": null, "ends_at": null, "field_of_study": null, "degree_name": null, "school": "Kakatiya high school Nizamabad", "school_linkedin_profile_url": null, "description": null, "logo_url": null, "grade": null, "activities_and_societies": null}, {"starts_at": null, "ends_at": null, "field_of_study": null, "degree_name": null, "school": "Narayana junior college", "school_linkedin_profile_url": null, "description": null, "logo_url": null, "grade": null, "activities_and_societies": null}], "languages": [], "accomplishment_organisations": [], "accomplishment_publications": [], "accomplishment_honors_awards": [], "accomplishment_patents": [], "accomplishment_courses": [], "accomplishment_projects": [{"starts_at": {"day": 1, "month": 10, "year": 2020}, "ends_at": {"day": 31, "month": 3, "year": 2021}, "title": "Indian Currency Denomination Recognition and  Fake Currency Identification", "description": "\u25cf Designed and developed a robust and accurate system for Indian currency denomination recognition and fake currency identification using advanced image processing and machine learning techniques.\n\u25cf Trained and fine-tuned machine learning models on a large dataset of Indian currency notes to achieve high accuracy in denomination recognition and counterfeit detection.\n\u25cf Implemented various image pre-processing techniques to enhance the quality of the input images, such as denoising, contrast enhancement, and edge detection.\n\u25cf Utilized feature extraction techniques such as Scale-Invariant Feature Transform (SIFT) and Local Binary Patterns (LBP) to extract relevant features from the input images for classification.\n\u25cf Employed a variety of machine learning algorithms such as Support Vector Machines (SVM), Random Forest, and Convolutional Neural Networks (CNN) for classification and achieved high accuracy in detecting counterfeit notes.\n\u25cf Conducted rigorous testing and validation of the system using a diverse set of real-world currency notes to ensure\nits robustness and reliability in practical scenarios.\n\u25cf Technologies used: Python, Image Processing, OpenCV, Deep learning, CNN.", "url": null}], "accomplishment_test_scores": [], "volunteer_work": [], "certifications": [{"starts_at": {"day": 1, "month": 2, "year": 2024}, "ends_at": null, "name": "JPMorgan Chase & Co. - Excel Skills Job Simulation", "license_number": "8NLbCzGTyo55dqQ8g", "display_source": "forage-uploads-prod.s3.amazonaws.com", "authority": "Forage", "url": "https://forage-uploads-prod.s3.amazonaws.com/completion-certificates/JPMorgan%20Chase%20Corporate/XiuvjcwqWRqH9oy38_JPMorgan%20Chase%20&%20Co._Wt36k2w5eJKi2kYaQ_1708140989777_completion_certificate.pdf"}], "connections": 342, "people_also_viewed": [], "recommendations": [], "activities": [], "similarly_named_profiles": [], "articles": [], "groups": [], "skills": [], "inferred_salary": null, "gender": null, "birth_date": null, "industry": null, "extra": null, "interests": [], "personal_emails": [], "personal_numbers": []}
