{"public_identifier": "gazcarater", "profile_pic_url": "https://s3.us-west-000.backblazeb2.com/proxycurl/person/gazcarater/profile?X-Amz-Algorithm=AWS4-HMAC-SHA256&X-Amz-Credential=0004d7f56a0400b0000000001%2F20240303%2Fus-west-000%2Fs3%2Faws4_request&X-Amz-Date=20240303T232603Z&X-Amz-Expires=3600&X-Amz-SignedHeaders=host&X-Amz-Signature=f3a7974ab7a10e7fdad1033a070b05eff2b81a0ce43a31f23472e9854bb1c4e7", "background_cover_image_url": null, "first_name": "Gonzalo", "last_name": "Azc\u00e1rate Rodr\u00edguez", "full_name": "Gonzalo Azc\u00e1rate Rodr\u00edguez", "follower_count": 603, "occupation": "Backbone IP Network Intern at Orange", "headline": "Dual Degree Student | Master in ITM: Data analytics - IIT | MSc in Telecommunications Engineering - UPM", "summary": "I've always been a naturally curious person who has a strong desire to understand the workings of the world, and I'm especially drawn to the exciting world of technology. \n\nThis curiosity drove me to pursue a comprehensive educational journey, culminating in a Bachelor's Degree and an MSc in Telecommunications Engineering from Madrid's UPM.\n\nI love being able to apply my knowledge in software and the technologies existing in the data world, that's why I am looking forward to obtaining a position in a high challenging engineering environment where my academic skills, experience and creativity will add highest value to the organization.", "country": "US", "country_full_name": "United States of America", "city": "Chicago", "state": "Illinois", "experiences": [{"starts_at": {"day": 1, "month": 3, "year": 2022}, "ends_at": {"day": 31, "month": 8, "year": 2022}, "company": "Orange", "company_linkedin_profile_url": "https://www.linkedin.com/company/orange", "title": "Backbone IP Network Intern", "description": "Closely collaborated with experienced professionals in configuring, maintaining, and optimizing Orange's high-speed network infrastructure.\nParticipated also in identifying and resolving network issues, contributing to the performance and reliability of the IP backbone network.\nAssisted in technical documentation and report generation related to network improvement projects by using SQL.", "location": "Madrid, Comunidad de Madrid, Espa\u00f1a", "logo_url": "https://media.licdn.com/dms/image/C4D0BAQEIG5RkDRNPvg/company-logo_400_400/0/1630485596129/orange_logo?e=1717632000&v=beta&t=AHA9WPU91mtZzIlXMWh4WBG27N-DC9UBEW6NAdV8do0"}, {"starts_at": {"day": 1, "month": 2, "year": 2019}, "ends_at": {"day": 31, "month": 3, "year": 2020}, "company": "Robotic4Kids", "company_linkedin_profile_url": "https://www.linkedin.com/company/84770765/", "title": "Robotics Teacher", "description": "Taught robotics in several schools for a couple of years. Had a group of 10 students and explained the assembly process as well as the programming process. Also taught how to program simple video games\nusing the Construct tool.", "location": null, "logo_url": "https://media.licdn.com/dms/image/D560BAQFoZMhoaUixEg/company-logo_400_400/0/1703949862352/robotic4kids_logo?e=1717632000&v=beta&t=0WjQuWojl-Bq1uQhkBunjkeyMSJXwu_LUCNav5tGsH0"}], "education": [{"starts_at": {"day": 1, "month": 8, "year": 2023}, "ends_at": {"day": 31, "month": 5, "year": 2024}, "field_of_study": null, "degree_name": "Master of Information Technology and Management: Major in Data analytics.", "school": "Illinois Institute of Technology", "school_linkedin_profile_url": "https://www.linkedin.com/company/6328/", "description": "Relevant Coursework:\n- Data Mining & Machine Learning (Python project, supervised and unsupervised learning, outlier detection, association rules, recommender systems )\n- Advanced Topics in Data Management (Advanced SQL, Access and Oracle SQL Developer)\n- Programming for Data Analytics (R, Statistics, Linear regression)\n- Database security\n- Object-Oriented System Analysis, Modeling and Design\n- Data Warehousing", "logo_url": "https://media.licdn.com/dms/image/C4D0BAQEd6wnmQCCIHw/company-logo_400_400/0/1630559679535/illinois_institute_of_technology_logo?e=1717632000&v=beta&t=9_wR1v9lt8WVPSux8a585YLwqzmyIqxwEYp0mHeXRL0", "grade": null, "activities_and_societies": null}, {"starts_at": {"day": 1, "month": 9, "year": 2022}, "ends_at": null, "field_of_study": "Telecommunication Engineering", "degree_name": "Master of Engineering - MEng", "school": "Universidad Polit\u00e9cnica de Madrid", "school_linkedin_profile_url": "https://www.linkedin.com/company/166617/", "description": "2 years of Master's Degree. The first of which is general and the second of which is specialized.\nRelevant Coursework:\n- Communication systems\n- Multimedia systems and services \n- Applications and services\n- Communication networks\n- Integration of networks, applications and content\n- Strategic vision of the integration of technologies and systems in the ICT sector\n\nABET accreditation.", "logo_url": "https://media.licdn.com/dms/image/D4D0BAQHJPlcA68PA2Q/company-logo_400_400/0/1686904766811/universidad_politecnica_de_madrid_logo?e=1717632000&v=beta&t=yxg3h7Q1mtAACW6v49m0WBf1yBiU-fef-zBlGJsuUzk", "grade": null, "activities_and_societies": "Member of the English Group."}, {"starts_at": {"day": 1, "month": 9, "year": 2021}, "ends_at": {"day": 28, "month": 2, "year": 2022}, "field_of_study": null, "degree_name": "Magistrale in Communications and Computer Networks Engineering", "school": "Politecnico di Torino", "school_linkedin_profile_url": "https://www.linkedin.com/company/165510/", "description": "Six months of the Bachelor\u2019s Degree were taken at Politecnico di Torino. Studying abroad gave me a broader perspective of the world, as well as increasing my ability to be independent and responsible.\nRelevant Coursework:\n- Computer Networks Design and management.\n- Distributted systems programming.\n- Data Science and Database Technology\n- Information System Security", "logo_url": "https://media.licdn.com/dms/image/C4D0BAQGbyRTmgwi0uw/company-logo_400_400/0/1630550785230/politecnico_di_torino_logo?e=1717632000&v=beta&t=JNEegmpqr-2CBXeq1ixGINq3MaPa125nb9FKXeCDzc8", "grade": null, "activities_and_societies": "ESN member."}, {"starts_at": {"day": 1, "month": 9, "year": 2018}, "ends_at": {"day": 31, "month": 7, "year": 2022}, "field_of_study": "Telecommunication Technologies and Services Engineering", "degree_name": "Bachelor of Engineering - BE", "school": "Universidad Polit\u00e9cnica de Madrid", "school_linkedin_profile_url": "https://www.linkedin.com/company/166617/", "description": "Major in Computer Science\nABET accreditation.", "logo_url": "https://media.licdn.com/dms/image/D4D0BAQHJPlcA68PA2Q/company-logo_400_400/0/1686904766811/universidad_politecnica_de_madrid_logo?e=1717632000&v=beta&t=yxg3h7Q1mtAACW6v49m0WBf1yBiU-fef-zBlGJsuUzk", "grade": null, "activities_and_societies": "Member of the Academic Program (English Group)."}, {"starts_at": {"day": 1, "month": 1, "year": 2016}, "ends_at": {"day": 31, "month": 12, "year": 2018}, "field_of_study": "Bachelor of Technology", "degree_name": "Colegio San Agust\u00edn deMadrid", "school": "Colegio San Agustin", "school_linkedin_profile_url": null, "description": null, "logo_url": null, "grade": null, "activities_and_societies": null}], "languages": [], "accomplishment_organisations": [], "accomplishment_publications": [], "accomplishment_honors_awards": [], "accomplishment_patents": [], "accomplishment_courses": [], "accomplishment_projects": [{"starts_at": null, "ends_at": null, "title": "Development of a Restaurant Management System", "description": "Developed a web-app  with a connected database that was used as a Restaurant Management Systems. It allowed to add new restaurants, new meals, new clients and add new orders. Used Oracle as RDBMS and use Java Script as programming language.", "url": null}, {"starts_at": null, "ends_at": null, "title": "Development of a tool for realistic network traffic generation and orchestration based on user behavior", "description": "Developed an innovative tool to create and coordinate realistic network traffic based on user behavior\npatterns. It aims to provide an accurate simulation of user interactions on a network, enabling\ncomprehensive testing and analysis of network infrastructure.\nTraffic was created by commands entered in Linux terminal and checked by Wireshark. The tool was\ndeveloped with Python", "url": null}], "accomplishment_test_scores": [], "volunteer_work": [], "certifications": [{"starts_at": {"day": 1, "month": 11, "year": 2022}, "ends_at": null, "name": "IELTS Certificate C1", "license_number": null, "display_source": null, "authority": "IELTS Official", "url": null}, {"starts_at": {"day": 1, "month": 9, "year": 2021}, "ends_at": null, "name": "Curso de monitor de ocio y tiempo libre", "license_number": null, "display_source": null, "authority": "Junta de Castilla y Le\u00f3n", "url": null}], "connections": 604, "people_also_viewed": [], "recommendations": [], "activities": [], "similarly_named_profiles": [], "articles": [], "groups": [{"profile_pic_url": "https://media.licdn.com/dms/image/C4D07AQHwzHzy4qrgaw/group-logo_image-shrink_400x400/0/1631004564272?e=1710115200&v=beta&t=4RYpsk06I63xA31UbRAzJIXf8mms_9T-cI2l-G7QEos", "name": "Python Developers Community (moderated)", "url": "https://www.linkedin.com/groups/25827"}], "skills": [], "inferred_salary": null, "gender": null, "birth_date": null, "industry": null, "extra": null, "interests": [], "personal_emails": [], "personal_numbers": []}
