{"public_identifier": "harshal29", "profile_pic_url": "https://s3.us-west-000.backblazeb2.com/proxycurl/person/harshal29/profile?X-Amz-Algorithm=AWS4-HMAC-SHA256&X-Amz-Credential=0004d7f56a0400b0000000001%2F20240305%2Fus-west-000%2Fs3%2Faws4_request&X-Amz-Date=20240305T223231Z&X-Amz-Expires=3600&X-Amz-SignedHeaders=host&X-Amz-Signature=3b26d0376af34385d057cada85016c4a4fa39d9ef03b2fdd40aab2dd8243e129", "background_cover_image_url": "https://s3.us-west-000.backblazeb2.com/proxycurl/person/harshal29/cover?X-Amz-Algorithm=AWS4-HMAC-SHA256&X-Amz-Credential=0004d7f56a0400b0000000001%2F20240305%2Fus-west-000%2Fs3%2Faws4_request&X-Amz-Date=20240305T223231Z&X-Amz-Expires=3600&X-Amz-SignedHeaders=host&X-Amz-Signature=bf60e5c436abe50dd75d65b1cc69f82ef05af012d6a152a1628c2035bf94f434", "first_name": "Harshal", "last_name": "S.", "full_name": "Harshal S.", "follower_count": 394, "occupation": "Data Visualization Intern at Excelerate", "headline": "Actively Looking for Summer 2024 internship/Co-op | Graduate Student at Illinois Tech | Information Technology and Management", "summary": "ITM Graduate student (specialization in Data Analytics and Data Management) affiliated to Illinois Institute of Technology. Worked in professional setting for Software development. Looking forward to gain experience in data science domain. ", "country": "US", "country_full_name": "United States of America", "city": "Chicago", "state": "Illinois", "experiences": [{"starts_at": {"day": 1, "month": 6, "year": 2023}, "ends_at": {"day": 31, "month": 7, "year": 2023}, "company": "Excelerate", "company_linkedin_profile_url": "https://www.linkedin.com/company/4excelerate", "title": "Data Visualization Intern", "description": null, "location": "Remote", "logo_url": "https://media.licdn.com/dms/image/D4D0BAQFsKCE82AoD_Q/company-logo_400_400/0/1689287580187?e=1707955200&v=beta&t=T8zuBac0Ht1NnIuW4h4i_c0y8pMpjHRKNPK4jeUQqr8"}, {"starts_at": {"day": 1, "month": 12, "year": 2022}, "ends_at": {"day": 30, "month": 6, "year": 2023}, "company": "Biencaps System Pvt. Ltd.", "company_linkedin_profile_url": "https://www.linkedin.com/company/biencaps-systems-india-pvt-ltd", "title": "Software Engineer", "description": null, "location": "Pune, Maharashtra, India", "logo_url": "https://media.licdn.com/dms/image/C4E0BAQF-rSUvM0XGzQ/company-logo_400_400-alternative/0/1630642378837/biencaps_system_india_pvt_ltd_logo?e=1707955200&v=beta&t=oXWrxp1hf9xQD6oWvKnMLsyHahjCCwFuiAJy8AYMHlg"}, {"starts_at": {"day": 1, "month": 8, "year": 2021}, "ends_at": {"day": 30, "month": 11, "year": 2022}, "company": "My Future Town", "company_linkedin_profile_url": "https://www.linkedin.com/company/my-future-town", "title": "Associate Software Engineer", "description": null, "location": "Pune, Maharashtra, India", "logo_url": "https://media.licdn.com/dms/image/C4E0BAQGRV5tTvtju-w/company-logo_400_400/0/1630645025297?e=1707955200&v=beta&t=JOcFF6ON4lgijOl16UquMbUySYF5vCCFhMkgBMB1IRc"}, {"starts_at": {"day": 1, "month": 4, "year": 2017}, "ends_at": {"day": 31, "month": 5, "year": 2017}, "company": "Proton Metalcrafts Pvt Ltd", "company_linkedin_profile_url": "https://www.linkedin.com/company/proton-metalcrafts-pvt-ltd", "title": "Trainee", "description": null, "location": "Pune, Maharashtra, India", "logo_url": "https://media.licdn.com/dms/image/C510BAQEPpv9mqF7KBQ/company-logo_400_400/0/1630599843917?e=1707955200&v=beta&t=L4I3J_ni49RKYUpiN4kId_AESixQWMRBfn2xsjRnqJw"}], "education": [{"starts_at": {"day": 1, "month": 8, "year": 2023}, "ends_at": {"day": 31, "month": 5, "year": 2025}, "field_of_study": "Information Technology and Management", "degree_name": "Master's degree", "school": "Illinois Institute of Technology", "school_linkedin_profile_url": "https://www.linkedin.com/company/6328/", "description": null, "logo_url": "https://media.licdn.com/dms/image/C4D0BAQEd6wnmQCCIHw/company-logo_400_400/0/1630559679535/illinois_institute_of_technology_logo?e=1707955200&v=beta&t=b56ljNA2mpQ6Kfxsl034Sk9sPO67KxhtehtM9QyhD_g", "grade": null, "activities_and_societies": null}, {"starts_at": {"day": 1, "month": 1, "year": 2018}, "ends_at": {"day": 31, "month": 12, "year": 2021}, "field_of_study": "Mechanical Engineering", "degree_name": "Bachelor of Engineering - BE", "school": "Savitribai Phule Pune University", "school_linkedin_profile_url": "https://www.linkedin.com/company/15094398/", "description": null, "logo_url": "https://media.licdn.com/dms/image/C4E0BAQEFsIyAZyuMwA/company-logo_400_400/0/1631345386058?e=1707955200&v=beta&t=Is98fOVt8Rq6lsdmpswfoEBI9xFy3PK8nVVKM8SHB74", "grade": null, "activities_and_societies": null}], "languages": ["English", "German"], "accomplishment_organisations": [], "accomplishment_publications": [], "accomplishment_honors_awards": [{"title": "Zonal Football Champion ", "issuer": "IEDSSA Maharashtra ", "issued_on": {"day": 1, "month": 12, "year": 2017}, "description": "Won Inter Engineering Diploma Students Sports Association\u2019s ZONAL SPORTS CHAMPIONSHIP 2017-2018 in Football. "}], "accomplishment_patents": [], "accomplishment_courses": [{"name": "Advance Topics in Data Management ", "number": "ITMD 523"}, {"name": "Database Security ", "number": "ITMS 528"}], "accomplishment_projects": [{"starts_at": {"day": 1, "month": 1, "year": 2021}, "ends_at": {"day": 31, "month": 5, "year": 2021}, "title": "Parametric Design and Analysis of Machine Elements using Python ", "description": "A software capable of generating AutoCAD drawings through automated process, with the use of Python libraries.", "url": null}], "accomplishment_test_scores": [], "volunteer_work": [{"starts_at": {"day": 1, "month": 8, "year": 2016}, "ends_at": {"day": 31, "month": 5, "year": 2018}, "title": "Member of sports committee", "cause": null, "company": "MIT WPU School of Polytechnic and skill development ", "company_linkedin_profile_url": "https://www.linkedin.com/company/73809696/", "description": null, "logo_url": "https://media.licdn.com/dms/image/C560BAQFLn6tWZZuWTQ/company-logo_400_400/0/1630671753276?e=1707955200&v=beta&t=Aw460oEROp3mQHkOCXQxhCF1CJ8703NN27Sd0qf-Fjo"}, {"starts_at": null, "ends_at": null, "title": "Student Volunteer", "cause": "Education", "company": "Bharatiya Chhatra Sansad", "company_linkedin_profile_url": "https://www.linkedin.com/company/4838206/", "description": null, "logo_url": "https://media.licdn.com/dms/image/C560BAQHrwYqaf2Hhfg/company-logo_400_400/0/1659150943593/bharatiya_chhatra_sansad_logo?e=1707955200&v=beta&t=m1VLKbP2Ic9GyE2jmeYlKZuX1JL--mLxdFWcFOMTzEk"}], "certifications": [], "connections": null, "people_also_viewed": [{"link": "https://www.linkedin.com/in/sakshi-patil-257b2417b", "name": "Sakshi Patil", "summary": "Frontend Developer at Biencaps System Pvt. Ltd.", "location": null}, {"link": "https://www.linkedin.com/in/saidhruthi-poleni", "name": "Saidhruthi Poleni", "summary": "Graduate Student", "location": null}, {"link": "https://www.linkedin.com/in/shubham-sakhare-104a83108", "name": "Shubham Sakhare", "summary": "Associate System Engineer at E-emphasys technologies", "location": null}, {"link": "https://www.linkedin.com/in/amoghabhandari", "name": "Amogha Bhandari", "summary": "GHC'23 | Actively looking for Spring\u201924 internship/full-time | Graduate Teaching Assistant |  CS Graduate Student @ IIT Chicago | SDE | Ex-DBS | Ex-Amazon", "location": null}, {"link": "https://www.linkedin.com/in/shubhamhalwan", "name": "Shubham Halwan", "summary": "Graduate Student in Marketing Analytics at Illinois Institute of Technology", "location": null}], "recommendations": [], "activities": [], "similarly_named_profiles": [], "articles": [], "groups": [{"profile_pic_url": "https://media.licdn.com/dms/image/D5607AQG7bipm7ZScgQ/group-logo_image-shrink_400x400/0/1695559679938?e=1700528400&v=beta&t=dG9z0bd3VNrWD8WB-yo3FNH50asYUbhZUGaUpWZvrX8", "name": "Illinois Tech \ud835\uddd6\ud835\uddee\ud835\uddff\ud835\uddf2\ud835\uddf2\ud835\uddff \ud835\udde6\ud835\uddf2\ud835\uddff\ud835\ude03\ud835\uddf6\ud835\uddf0\ud835\uddf2\ud835\ude00", "url": "https://www.linkedin.com/groups/14088794"}], "skills": [], "inferred_salary": null, "gender": null, "birth_date": null, "industry": null, "extra": null, "interests": [], "personal_emails": [], "personal_numbers": []}
