{"public_identifier": "jakka-gunith", "profile_pic_url": "https://s3.us-west-000.backblazeb2.com/proxycurl/person/jakka-gunith/profile?X-Amz-Algorithm=AWS4-HMAC-SHA256&X-Amz-Credential=0004d7f56a0400b0000000001%2F20240306%2Fus-west-000%2Fs3%2Faws4_request&X-Amz-Date=20240306T032350Z&X-Amz-Expires=3600&X-Amz-SignedHeaders=host&X-Amz-Signature=b9019fa4f82d9f4026302fa18a57d3bcdf3af20d7d0ef1dda4324c371defed19", "background_cover_image_url": "https://s3.us-west-000.backblazeb2.com/proxycurl/person/jakka-gunith/cover?X-Amz-Algorithm=AWS4-HMAC-SHA256&X-Amz-Credential=0004d7f56a0400b0000000001%2F20240306%2Fus-west-000%2Fs3%2Faws4_request&X-Amz-Date=20240306T032350Z&X-Amz-Expires=3600&X-Amz-SignedHeaders=host&X-Amz-Signature=25e018604b719d5e65b8f500a3be09d7122e1ddba07bc9a386b4b8ad1fc9f480", "first_name": "Gunith", "last_name": "Jakka", "full_name": "Gunith Jakka", "follower_count": 609, "occupation": "Graduate Teaching Assistant at Illinois Institute of Technology", "headline": "Graduate Teaching Assistant at Illinois Institute of Technology | Ex-SWE at OpenText", "summary": "I am passionate about deep learning and cross-domains like medical image processing.\n//\nIf you had lost \"the race\" would you been born differently or would you just not exist?", "country": "US", "country_full_name": "United States of America", "city": "Chicago", "state": "Illinois", "experiences": [{"starts_at": {"day": 1, "month": 8, "year": 2023}, "ends_at": null, "company": "Illinois Institute of Technology", "company_linkedin_profile_url": "https://www.linkedin.com/school/illinois-tech/", "title": "Graduate Teaching Assistant", "description": "Teaching Assistant for Course CS-587: Software Project Management\n\nManaged and supported over 150 students in Software Project Management, providing guidance on assignment preparation and grading their work, demonstrating strong organizational and leadership skills.\n\nUtilized python and data retrieval techniques to fetch data from GitHub and Stack Overflow for the top 10 repositories. Computed and inserted this data into an EdgeDB database and illustrated their relationships using NetworkX.\n\nDesigned and implemented a robust data pipeline for creating a Knowledge Graph, effectively extracting and processing data from GitHub and StackOverflow to identify common issues across repositories, thereby increasing user experience and reducing redundancy.", "location": "Chicago, Illinois, United States", "logo_url": "https://media.licdn.com/dms/image/C4D0BAQEd6wnmQCCIHw/company-logo_400_400/0/1556827665561/illinois_institute_of_technology_logo?e=1707350400&v=beta&t=IE5e2vI5GCa0mAR5UL0zyzyWIWAFFp52y3AQSoMLb8A"}, {"starts_at": {"day": 1, "month": 4, "year": 2021}, "ends_at": {"day": 31, "month": 12, "year": 2022}, "company": "OpenText", "company_linkedin_profile_url": "https://www.linkedin.com/company/opentext/", "title": "Associate Software Engineer", "description": "Developed and implemented pagination for 20+ Teamsite screens, improving user experience and performance.\n\nCollaborated with teammates to reduce backlog bug count by 70%.\n\nExcelled in a high-pressure Customer Problem Escalation (CPE) environment, rapidly debugging and releasing patches to resolve critical customer issues, within 24 hours, on average, and preventing major customer escalations.\n\nIdentified and resolved a critical performance issue through Java parallel streams implementation.", "location": "Hyderabad, Telangana, India", "logo_url": "https://media.licdn.com/dms/image/D4D0BAQE-_igjtgZLgg/company-logo_400_400/0/1688150301974/opentext_logo?e=1707350400&v=beta&t=XgEsfoiesepkSXpwdj01klRZTDAghB_ETqjHYNR2G6I"}, {"starts_at": {"day": 1, "month": 10, "year": 2020}, "ends_at": {"day": 31, "month": 3, "year": 2021}, "company": "OpenText", "company_linkedin_profile_url": "https://www.linkedin.com/company/opentext/", "title": "Intern", "description": "Automated form creation by systematically parsing XML data and assembling form elements using Selenium, streamlining the process.\n\nDelivered informative presentations to Directors, showcasing the intricacies of data retrieval and the efficiency of automated form creation methods.", "location": "Hyderabad, Telangana, India", "logo_url": "https://media.licdn.com/dms/image/D4D0BAQE-_igjtgZLgg/company-logo_400_400/0/1688150301974/opentext_logo?e=1707350400&v=beta&t=XgEsfoiesepkSXpwdj01klRZTDAghB_ETqjHYNR2G6I"}, {"starts_at": {"day": 1, "month": 6, "year": 2020}, "ends_at": {"day": 30, "month": 9, "year": 2020}, "company": "Virtusa", "company_linkedin_profile_url": "https://www.linkedin.com/company/virtusa/", "title": "Intern", "description": "Engineered Python scripts to facilitate data flow between a server and an IoT device using the \"publish-subscribe\" architecture of MQ Telemetry Transport.\n\nBuilt real-time streaming data pipelines with Apache Kafka, ensuring efficient data transmission and processing.\n\nDesigned and implemented high-performance data ingestion pipelines using Apache NiFi for real-time processing and routing of data from various sources.", "location": "India", "logo_url": "https://media.licdn.com/dms/image/D560BAQGEPXDEIb7QDA/company-logo_400_400/0/1682334527897/virtusa_logo?e=1707350400&v=beta&t=tlsoihV_S7MUEO5AP1rjeEckFHdNUOU10zM_A-eUBZE"}], "education": [{"starts_at": {"day": 1, "month": 1, "year": 2023}, "ends_at": null, "field_of_study": "Computer Science", "degree_name": "Master's degree", "school": "Illinois Institute of Technology", "school_linkedin_profile_url": null, "description": null, "logo_url": "https://media.licdn.com/dms/image/C4D0BAQEd6wnmQCCIHw/company-logo_400_400/0/1556827665561/illinois_institute_of_technology_logo?e=1707350400&v=beta&t=IE5e2vI5GCa0mAR5UL0zyzyWIWAFFp52y3AQSoMLb8A", "grade": null, "activities_and_societies": null}, {"starts_at": {"day": 1, "month": 1, "year": 2017}, "ends_at": {"day": 31, "month": 5, "year": 2021}, "field_of_study": "Computer Science", "degree_name": "Bachelor of Technology", "school": "Keshav memorial college of engineering", "school_linkedin_profile_url": null, "description": null, "logo_url": null, "grade": null, "activities_and_societies": null}], "languages": [], "accomplishment_organisations": [], "accomplishment_publications": [], "accomplishment_honors_awards": [], "accomplishment_patents": [], "accomplishment_courses": [], "accomplishment_projects": [], "accomplishment_test_scores": [], "volunteer_work": [], "certifications": [{"starts_at": {"day": 1, "month": 6, "year": 2020}, "ends_at": null, "name": "Deep Learning Specialization", "license_number": "WNWGXHUVERRY", "display_source": "coursera.org", "authority": "Coursera Course Certificates", "url": "https://www.coursera.org/account/accomplishments/specialization/certificate/WNWGXHUVERRY"}, {"starts_at": {"day": 1, "month": 5, "year": 2020}, "ends_at": null, "name": "Clustering Geolocation Data Intelligently in Python", "license_number": "UKL7R35RBM4T", "display_source": "coursera.org", "authority": "Coursera", "url": "https://www.coursera.org/account/accomplishments/certificate/UKL7R35RBM4T"}, {"starts_at": {"day": 1, "month": 5, "year": 2020}, "ends_at": null, "name": "Convolutional Neural Networks", "license_number": "5F9ZNA5LSYQJ", "display_source": "coursera.org", "authority": "Coursera", "url": "https://www.coursera.org/account/accomplishments/certificate/5F9ZNA5LSYQJ"}, {"starts_at": {"day": 1, "month": 5, "year": 2020}, "ends_at": null, "name": "Front-End JavaScript Frameworks: Angular", "license_number": "UUNEWQGK6XA8", "display_source": "coursera.org", "authority": "Coursera", "url": "https://www.coursera.org/account/accomplishments/certificate/UUNEWQGK6XA8"}, {"starts_at": {"day": 1, "month": 4, "year": 2020}, "ends_at": null, "name": "Crash Course on Python", "license_number": "3L7ET5LUTGZ5", "display_source": "coursera.org", "authority": "Coursera", "url": "https://www.coursera.org/account/accomplishments/certificate/3L7ET5LUTGZ5"}, {"starts_at": {"day": 1, "month": 4, "year": 2020}, "ends_at": null, "name": "Front-End Web UI Frameworks and Tools: Bootstrap 4", "license_number": "LS88QFPL7CR8", "display_source": "coursera.org", "authority": "Coursera", "url": "http://www.coursera.org/account/accomplishments/certificate/LS88QFPL7CR8"}], "connections": null, "people_also_viewed": [{"link": "https://www.linkedin.com/in/venkata-harsha-pedada-4838a9204", "name": "Venkata Harsha Pedada", "summary": "Studying at Illinois institute of technology", "location": null}, {"link": "https://www.linkedin.com/in/nikhilmulaguru", "name": "Nikhil Mulaguru", "summary": "Master's student at Illinois Institute of Technology, Chicago", "location": null}, {"link": "https://www.linkedin.com/in/prasannathummalacheruvu", "name": "Prasanna Thummalacheruvu", "summary": "Software Engineer at OpenText", "location": null}, {"link": "https://www.linkedin.com/in/maneesh-kotha-696250203", "name": "Maneesh Kotha", "summary": "Graduate Student at Illinois Institute Of Technology | MS-ITM Data Analytics and Management | Ex Software Engineer at IVY", "location": null}, {"link": "https://www.linkedin.com/in/boddulurisrisai", "name": "Srisai Bodduluri", "summary": "Graduate Student at Illinois Institute Of Technology", "location": null}, {"link": "https://www.linkedin.com/in/omkar-thipparthi", "name": "Omkar Thipparthi", "summary": "Graduate Student at Arizona State University | Ex-Software Engineer at OpenText | KMIT", "location": null}, {"link": "https://www.linkedin.com/in/hummera-nazneen", "name": "Hummera Nazneen", "summary": "Masters in Information Technology and Management - Data Analytics and Management at Illinois Institute Of Technology|| Ex-IBMer||", "location": null}, {"link": "https://www.linkedin.com/in/keerthana-nakka-63187b157", "name": "Keerthana Nakka", "summary": "Actively looking for Spring/Summer 2024 Internships || Graduate Student at Illinois Institute of Technology || Ex-Sureify SDE", "location": null}, {"link": "https://www.linkedin.com/in/bharathaa-chandana", "name": "Bharathaa Chandana", "summary": "GHC'23 | Graduate Teaching Assistant | Open to Co-Op and Full Time Opportunities | CS Grad Student | Illinois Tech | SDE | Ex-DBS", "location": null}, {"link": "https://www.linkedin.com/in/ramesh-chandra-r", "name": "Ramesh Chandra Reddy M.", "summary": "Actively looking for Data Science Spring internships & full time opportunities | Data Science Grad Student at Illinois Institute of Technology", "location": null}], "recommendations": [], "activities": [{"title": "The White House pressuring Spotify to censor Joe Rogan is un-American. We are better than this.", "link": "https://www.linkedin.com/signup/cold-join", "activity_status": "Liked by Jakka Gunith"}, {"title": "Some poor phoneless fool is sitting in a park right now totally unaware of how stressed they should be", "link": "https://www.linkedin.com/signup/cold-join", "activity_status": "Liked by Jakka Gunith"}, {"title": "Don't forget how bad you wanted what you currently have", "link": "https://www.linkedin.com/signup/cold-join", "activity_status": "Liked by Jakka Gunith"}, {"title": "Just finished the course \u201cCommunicating through Disagreement\u201d by Lynne Hurdle and Madecraft! Check it out: https://lnkd.in/gW9wv6-u\u2026", "link": "https://in.linkedin.com/posts/navneet-batra-connect_just-finished-the-course-communicating-through-share-6916322529787736064-IV5E", "activity_status": "Liked by Jakka Gunith"}, {"title": "An amazing learning expirience with great cohort.... Added new dimensions to my life and entire new mindset #productmanagement #isb Thanks to\u2026", "link": "https://in.linkedin.com/posts/navneet-batra-connect_an-amazing-learning-expirience-with-great-share-6915896673340715008-Uchc", "activity_status": "Liked by Jakka Gunith"}, {"title": "The White House pressuring Spotify to censor Joe Rogan is un-American. We are better than this.", "link": "https://in.linkedin.com/posts/lexfridman_the-white-house-pressuring-spotify-to-censor-share-6895422303270703104-4QN7", "activity_status": "Liked by Jakka Gunith"}], "similarly_named_profiles": [], "articles": [], "groups": [], "skills": [], "inferred_salary": null, "gender": null, "birth_date": null, "industry": null, "extra": null, "interests": [], "personal_emails": [], "personal_numbers": []}
