{"public_identifier": "nidhi-patni-jain", "profile_pic_url": "https://s3.us-west-000.backblazeb2.com/proxycurl/person/nidhi-patni-jain/profile?X-Amz-Algorithm=AWS4-HMAC-SHA256&X-Amz-Credential=0004d7f56a0400b0000000001%2F20240303%2Fus-west-000%2Fs3%2Faws4_request&X-Amz-Date=20240303T204551Z&X-Amz-Expires=3600&X-Amz-SignedHeaders=host&X-Amz-Signature=bc9f67f0bf21f79003a58aea4ca410bdabfbaf79d7b115b5f80fbf6382cf64d5", "background_cover_image_url": "https://s3.us-west-000.backblazeb2.com/proxycurl/person/nidhi-patni-jain/cover?X-Amz-Algorithm=AWS4-HMAC-SHA256&X-Amz-Credential=0004d7f56a0400b0000000001%2F20240303%2Fus-west-000%2Fs3%2Faws4_request&X-Amz-Date=20240303T204551Z&X-Amz-Expires=3600&X-Amz-SignedHeaders=host&X-Amz-Signature=2ea1ba3a74ed7c07a1f016e2219e9d2330163de44c93ca0fdf364db46e6b4ef5", "first_name": "Nidhi", "last_name": "Patni", "full_name": "Nidhi Patni", "follower_count": 946, "occupation": "Research Assistant at Illinois Institute of Technology", "headline": "Actively looking for fulltime opportunities | MS Data Analytics at IIT, Chicago | Cloud Big Data Engineer at Celebal Technologies | Senior Analyst at Yardi | Azure | Databricks | Python | MSBI | ETL | SQL | Power BI | R", "summary": "Experienced professional with extensive Data Engineer, Data Analytics, Business Intelligence, Data Visualization, Data Warehouse, Data Model exposure. I have experience delivering quality results in pressure situations, working with global teams and managing multiple stakeholders.\n\nKey Skillset: Data Engineer | Data Analytics | Data Science | Data Visualization |  Data Model | ETL | Data Warehouse |  Databricks | Casual Inference | Exploratory Analytics | Predictive Modeling\n\nDatabase Languages: SQL | PL/SQL | Dynamic SQL | Spark SQL\n\nProgramming Languages: Python | Pyspark | R | Java\n\nCloud: Azure\n\nETL Tools: SQL Server Integration Services (SSIS) | Azure Data Factory | Databricks | Airflow | DBT | Kafka\n\nData Warehouse: Azure Synapse | Snowflake\n\nData Storage Tools: Azure Data Lake | Azure Blob Storage\n\nData Model : Tabular Model | SQL Server Analysis Services (SSAS)\n\nData Visualization Tools: SQL Server Reporting Services (SSRS) | Power BI | Tableau | DAX | MDX\n\nDatabase Management: SSMS | Oracle | MySQL\n\nWeb Development Languages: HTML | CSS | Bootstrap | JavaScript\n\nAlgorithms: Linear Regression | Logistic Regression | K-Means Clustering | Bagging | Boosting | Random Forest | Classification and Regression Trees\n\nProject Tracking: Azure Devops\n\nVersion Control: GIT | Azure Devops", "country": "US", "country_full_name": "United States of America", "city": "Chicago", "state": "Illinois", "experiences": [{"starts_at": {"day": 1, "month": 9, "year": 2023}, "ends_at": {"day": 31, "month": 12, "year": 2023}, "company": "Illinois Institute of Technology", "company_linkedin_profile_url": "https://www.linkedin.com/school/illinois-tech/", "title": "Research Assistant", "description": null, "location": "Chicago, Illinois, United States", "logo_url": "https://media.licdn.com/dms/image/C4D0BAQEd6wnmQCCIHw/company-logo_400_400/0/1630559679535/illinois_institute_of_technology_logo?e=1713398400&v=beta&t=LQzca7ZA1oLtUFZxYfPE0vraYJxuXZAF7JgFkG_c_h0"}, {"starts_at": {"day": 1, "month": 7, "year": 2021}, "ends_at": {"day": 31, "month": 12, "year": 2022}, "company": "Celebal Technologies", "company_linkedin_profile_url": "https://www.linkedin.com/company/celebaltechnologies/", "title": "Senior Consultant - Data Engineer", "description": "\u2022 Reduced ELT Pipeline time by 65% by creating, optimizing, and deploying 6 new ELT Pipelines in Azure Synapse from previously existing 400 ELT Pipelines in Azure Data Factory for an Indian multinational corporation. Used hash clustering and query optimization techniques to achieve faster data processing.\n\u2022\tImplemented data orchestration and transformation workflows using Azure Databricks, enhancing data processing efficiency and enabling advanced analytics for actionable insights.\n\u2022 Created dynamic stored procedures for incremental and truncate loads. Implemented count log mechanism and error log mechanism for data validation.\n\u2022 Built new features in SQL Server Reporting Services (SSRS) for a US based client by performing ETL operations, filtering operations in stored procedures and using DAX, MDX Queries in SQL Server Analytics Services (SSAS) cube.\n\u2022 Migrated SSRS reports to PowerBI paginated reports and SQL stored procedures to Pyspark on Databricks Platform.\n\u2022 Handled troubleshooting requests for large dataset containing more than 10 million rows and from different data sources and connectors by analyzing fault in queries by running SQL Profiler.\n\u2022 Lead a team of four to build the infrastructure required for optimal extraction, transformation, and loading of data from a wide variety of data sources using SQL and Azure big data technologies\n\u2022\tExecuted successful migration projects, moving on-premise data solutions to the Azure cloud, resulting in improved scalability, reliability, and cost-effectiveness.\n\u2022\tDevised and implemented a series of dashboards and data visualizations using Power Bi that effectively communicated key trends and insights to executive leadership, leading to upgraded business performance by 20%.\n\nSkills: Data Engineer | SSRS | SSIS | SQL Server Analytics Service (SSAS) | Azure Data Factory | Azure Synapse | Azure Blob Storage | Azure Devops | Dynamic SQL | Pyspark SQL | Databricks | Data model | Data Warehouse | Power BI | PLSQL | TSQL", "location": "Pune, Maharashtra, India", "logo_url": "https://media.licdn.com/dms/image/D4D0BAQFBhCIkkA2V5w/company-logo_400_400/0/1686072201835/celebaltechnologies_logo?e=1713398400&v=beta&t=0Twi-T6zsxbzG6S-XU-UHl_HL-z8c1HaK1vhSaqbUEU"}, {"starts_at": {"day": 1, "month": 8, "year": 2017}, "ends_at": {"day": 31, "month": 7, "year": 2021}, "company": "Yardi Software India Pvt Ltd", "company_linkedin_profile_url": "https://www.linkedin.com/company/yardi-software-india-pvt-ltd/", "title": "Senior Analyst", "description": "\u2022 Designed custom analytical SQL reports using proprietary BI tools like SSRS and Crystal to build parameterized reports , sub-reports, drill through and drill-down reports using SSRS. Shifted Crystal Reports to SSRS Reports before deadlines.\n\u2022 Architected and implemented a streamlined data warehouse schema, emphasizing well-defined facts and dimensions. Resulted in a 20% reduction in query response time, enhancing system performance.\n\u2022 Performed data manipulation \u2013 cleaning, sorting, transforming \u2013 from different sources based on warehousing and reporting requirements. Established control flow tasks and data flow tasks for creating SSIS packages.\n\u2022 Worked with stakeholders including the Executive, Product, Data, Analytics and Design teams to support their data infrastructure needs while assisting with data-related technical issues to meet different functional/non-functional business requirements.\n\u2022 Worked and lead multiple teams to assist on building processes that support new and old data initiatives in data architecture, data transformation, data structures, metadata, dependency, and workload management.\n\u2022 Delivered peer training sessions on Product understanding & development as a Subject Matter Expert in a team of 15. Awarded as ZETA Employee of the year in 2019.\n\u2022 Led comprehensive financial operations for a property management company, overseeing account receivables, account payables, positive pay, bank reconciliation, and meticulous tie-outs for precise financial reporting and 13% more efficiency.\n\nSkills: Crystal Report | SQL Server Reporting Service (SSRS) | SQL Server Integration Service (SSIS) | TSQL | Subject Matter Expert", "location": null, "logo_url": "https://media.licdn.com/dms/image/C560BAQFgEQkbVKiv-g/company-logo_400_400/0/1631361480341?e=1713398400&v=beta&t=49nKy0ylDAKgu3BEDfBwhuHSKYZZIpyoituuM0pDJMM"}], "education": [{"starts_at": {"day": 1, "month": 1, "year": 2023}, "ends_at": {"day": 31, "month": 5, "year": 2024}, "field_of_study": "Information Technology and Management", "degree_name": "Masters", "school": "Illinois Institute of Technology", "school_linkedin_profile_url": null, "description": null, "logo_url": "https://media.licdn.com/dms/image/C4D0BAQEd6wnmQCCIHw/company-logo_400_400/0/1630559679535/illinois_institute_of_technology_logo?e=1713398400&v=beta&t=LQzca7ZA1oLtUFZxYfPE0vraYJxuXZAF7JgFkG_c_h0", "grade": null, "activities_and_societies": null}, {"starts_at": {"day": 1, "month": 7, "year": 2013}, "ends_at": {"day": 31, "month": 7, "year": 2017}, "field_of_study": "Information Technology", "degree_name": "Bachelor of Engineering", "school": "Pune Institute of Computer Technology", "school_linkedin_profile_url": null, "description": null, "logo_url": "https://media.licdn.com/dms/image/C560BAQFMx5qjAC9X-w/company-logo_400_400/0/1661593836468/pune_institute_of_computer_technology_logo?e=1713398400&v=beta&t=WCZ_5nahiq9xonEV-p026gsSlDQrSilMwenzDA3O8Og", "grade": null, "activities_and_societies": null}, {"starts_at": {"day": 1, "month": 6, "year": 2011}, "ends_at": {"day": 30, "month": 6, "year": 2013}, "field_of_study": "Science", "degree_name": "HSC", "school": "Shri Radhakisan Lakshminarayan Toshniwal Science College, Akola.", "school_linkedin_profile_url": null, "description": null, "logo_url": "https://media.licdn.com/dms/image/C4D0BAQE71KHPfTaHxQ/company-logo_400_400/0/1669475870382/shri_radhakisan_lakshminarayan_toshniwal_science_college_akola_logo?e=1713398400&v=beta&t=WSik_pg5EuOjCj5kKQdWSbXPNGzB8LxbmvlEidoCCyE", "grade": null, "activities_and_societies": null}], "languages": ["English", "Hindi", "Marathi", "Marwari", "Sanskrit"], "accomplishment_organisations": [], "accomplishment_publications": [], "accomplishment_honors_awards": [{"title": "Graduate Pathway Scholarship", "issuer": null, "issued_on": {"day": 1, "month": 1, "year": 2023}, "description": "Received Graduate Pathway Scholarship to attend Illinois Institute of Technology."}, {"title": "Kudos Award", "issuer": null, "issued_on": {"day": 1, "month": 11, "year": 2021}, "description": "Received Kudos Award for exceptional performance and timely delivery of project."}, {"title": "ZETA Award", "issuer": null, "issued_on": {"day": 1, "month": 7, "year": 2019}, "description": "Received ZETA Award for learning and working on new technologies and delivering maximum tickets for resolving client's issue."}], "accomplishment_patents": [], "accomplishment_courses": [{"name": "Advanced Topics in Data Management", "number": "ITMD 523"}, {"name": "Data Mining & Machine Learning", "number": "ITMD 522"}, {"name": "Data Warehousing", "number": "ITMD 526"}, {"name": "Database Security", "number": "ITMS 528"}, {"name": "Object Oriented System Analysis Modelling & Design", "number": "ITMT 531"}, {"name": "Open Source Programming", "number": "ITMD 513"}, {"name": "Programming for Data Analytics", "number": "ITMD 514"}, {"name": "Project Management", "number": "ITMM 571"}, {"name": "Service-Oriented Architectures", "number": "ITMD 566"}, {"name": "Web App Foundations", "number": "ITMD 541"}], "accomplishment_projects": [{"starts_at": {"day": 1, "month": 8, "year": 2023}, "ends_at": {"day": 31, "month": 12, "year": 2023}, "title": "Instacart Market Basket Analysis", "description": "Develop a recommendation system to suggest relevant products to customers based on their previous orders and preferences.\n\nProblems we are going to solve via this project.\n\nProblem 1: Find out hidden association between products for better cross-selling and upselling.\nApproach: Implement the Apriori algorithm to identify frequent item sets and generate association rules to find product associations.\n\nProblem 2 : Perform customer segmentation for targeted marketing and anticipate customer behavior.\nApproach: Utilize K-means clustering algorithm to group users based on their purchasing patterns for customer segmentation.\n\nProblem 3: Predicting which previously purchased product will be in the user\u2019s next order.\nApproach: Using XGBoosting algorithm for product re-order prediction.\n\nSteps Involved:\n1. Initial Data Analysis\n2. Exploratory Data Analysis\n3. Feature Creation\n4. Data Preparation\n5. Market Basket Analysis\n6. Customer Segmentation\n7. XGBoost Model\n8. Principal Component Analysis", "url": null}, {"starts_at": {"day": 1, "month": 8, "year": 2023}, "ends_at": {"day": 31, "month": 12, "year": 2023}, "title": "Statistical Impact of Tax Rate on Health", "description": "This study examines the relationship between restaurant and grocery tax rates and the prevalence of diabetes/obesity, addressing a notable gap in current research. With diabetes/obesity posing a significant global health challenge, understanding the impact of tax policies on food establishments becomes crucial for informed public health interventions. While extensive research has explored various determinants of diabetes/obesity, the specific role of tax rates on these establishments remains largely unexplored. This study aims to contribute to existing knowledge by investigating the potential link between tax policies and diabetes/obesity prevalence, providing insights for policymakers and healthcare professionals. The following sections detail our methodology, regression models, and implications of our findings.\n\nMethods:\n1. Data Collection\n2. Data Cleaning\n3. EDA\n4. Multiple Regression Model\n5. Model Validation and Assumption", "url": null}, {"starts_at": {"day": 1, "month": 6, "year": 2023}, "ends_at": {"day": 31, "month": 7, "year": 2023}, "title": "Chicago Crime Analysis using Python", "description": "The objective of this project is to analyze crime data in Chicago and gain insights into crime patterns, trends, and hotspots. By examining the data, we aim to understand the nature of crime occurrences, identify high-crime areas, and provide recommendations for crime prevention strategies.\nThis project is created in Python using Flask where user can see dynamic charts based on user selection on Chicago Crimes. This project will allow user to perform exploratory data analysis dynamically based on user selection where user has facility to select any kind of data (latitude and longitude of home and target location) for which they want to see the graph visually. APIs has been created and called dynamically based on user selections.", "url": null}, {"starts_at": {"day": 1, "month": 3, "year": 2023}, "ends_at": {"day": 31, "month": 5, "year": 2023}, "title": "Happiness Prediction Analysis using R Language", "description": "I have created a detailed Data Analytics project in R language on top of Kaggle dataset \"Happiness Analysis Report of 2021\" for estimating the Happiness Score of dystopia region. This report has below modules:\n\t1. Data Preparation\n\t2. Data Cleaning\n\t3. Exploratory Data Analysis\n\t4. Hypothesis Testing\n\t5. Co-relation check\n\t6. Simple Linear Regression Model\n        7. Multiple Linear Regression Model\n        8. Forward Stepwise Subset Selection Linear Regression Model\n        9. Backward Stepwise Subset Selection Linear Regression Model\n        10. Model Evaluation Metrics", "url": null}, {"starts_at": {"day": 1, "month": 3, "year": 2023}, "ends_at": {"day": 31, "month": 5, "year": 2023}, "title": "Insurance Management System using JFrame and Oracle SQL", "description": "I have created a Insurance Management System where users can purchase multiple policies under multiple insurance types like car, vehicle, travel under one umbrella.\nThe front end is designed using JFrame and backend is designed in Oracle DB.\n\nSpecial features of this application:\n1. Admin Insights dashboard: In this page, admin can see the trending policy name, number of users using this application, number of policies sold.\n2. Verify Users: After the user registers on this application, admin will verify the user then only that user will be able to buy policy on the application.\n3. Bill Printing: After buying the policy from this application, the bill will get printed in pdf version.\n4. Change Profile Details: Users can change security question and password.\n\nIn this application we are performing multiple DB operations like Insert, Update, Delete, Select.", "url": null}], "accomplishment_test_scores": [], "volunteer_work": [{"starts_at": null, "ends_at": null, "title": "Member", "cause": "SCIENCE_AND_TECHNOLOGY", "company": "Illinois Institute of Technology", "company_linkedin_profile_url": "https://www.linkedin.com/school/illinois-tech/", "description": "I am an active member of Business Relations Strategist group at IIT where we work to establish partnerships and collaborations that benefit both the college and the external organization.", "logo_url": "https://media.licdn.com/dms/image/C4D0BAQEd6wnmQCCIHw/company-logo_400_400/0/1630559679535/illinois_institute_of_technology_logo?e=1713398400&v=beta&t=LQzca7ZA1oLtUFZxYfPE0vraYJxuXZAF7JgFkG_c_h0"}], "certifications": [{"starts_at": {"day": 1, "month": 7, "year": 2022}, "ends_at": null, "name": "Academy Accreditation - Databricks Lakehouse Fundamentals", "license_number": "55057006", "display_source": "databricks.com", "authority": "Databricks", "url": "https://credentials.databricks.com/2600ed57-8223-4102-93f3-4ad11b21a00e"}, {"starts_at": {"day": 1, "month": 10, "year": 2021}, "ends_at": null, "name": "Microsoft Certified: Azure Data Fundamentals", "license_number": null, "display_source": "credly.com", "authority": "Microsoft", "url": "https://www.credly.com/badges/32a9c14d-5b4a-44f6-9861-bb4f6c29ee49?source=linked_in_profile"}, {"starts_at": {"day": 1, "month": 9, "year": 2021}, "ends_at": null, "name": "Microsoft Certified: Azure Fundamentals", "license_number": null, "display_source": "credly.com", "authority": "Microsoft", "url": "https://www.credly.com/badges/a11c861a-7949-4837-a800-3998eb1c4e55?source=linked_in_profile"}], "connections": null, "people_also_viewed": [{"link": "https://www.linkedin.com/in/rohandange0203", "name": "Rohan Dange", "summary": "Graduate Student | Data Analyst | Open to Opportunities in the USA", "location": null}, {"link": "https://www.linkedin.com/in/rushikeshb", "name": "Rushikesh Bor", "summary": "MS CS @GMU | Actively looking for full-time opportunities in Software Engineering and related fields", "location": null}, {"link": "https://www.linkedin.com/in/amith-satyanarayan", "name": "Amith Satyanarayan", "summary": "IT intern at NEF Inc. | Graduate Teaching Assistant | Masters in ITM at IIT Chicago | Wipro Limited | BE at Government Engineering College, Hassan", "location": null}, {"link": "https://www.linkedin.com/in/narendraragav", "name": "Narendra Ragav Venkatesan", "summary": "||MS Data Analytics||FullStackDeveloper||Data Engineering||AICamp||IIT Alumni ||SHPE 2023||GDG Chicago group||Young Professional Chair IEEE Chicago||SQL||PowerBI||Tableau||R||AZURE||GCP||Python||ETL||SQL||", "location": null}, {"link": "https://www.linkedin.com/in/namrata-singh-70a7a4117", "name": "Namrata Singh", "summary": "Business Analyst| Power Platform| Microsoft PL-900 Certified", "location": null}, {"link": "https://www.linkedin.com/in/ayushi-vala-5a1317281", "name": "Ayushi Vala", "summary": "Computer Science Grad Student at IIT Chicago", "location": null}, {"link": "https://www.linkedin.com/in/mounikagampa", "name": "Mounika Gampa", "summary": "Software Engineer", "location": null}, {"link": "https://www.linkedin.com/in/shilpashreeg", "name": "Shilpashree Gangadhara", "summary": "GRC Analyst intern, Workday, SAP.", "location": null}, {"link": "https://www.linkedin.com/in/rutikadhoka", "name": "Rutika Dhoka", "summary": "Attended GHC 2023 || Full Stack Developer || JAVA || Springboot || React || Javascript || HTML || CSS", "location": null}, {"link": "https://www.linkedin.com/in/bandhavip", "name": "Bandhavi Parvathaneni", "summary": "Data Science grad at IIT-C", "location": null}], "recommendations": [], "activities": [], "similarly_named_profiles": [], "articles": [], "groups": [], "skills": [], "inferred_salary": null, "gender": null, "birth_date": null, "industry": null, "extra": null, "interests": [], "personal_emails": [], "personal_numbers": []}
