{"public_identifier": "phalgunkollepara", "profile_pic_url": "https://s3.us-west-000.backblazeb2.com/proxycurl/person/phalgunkollepara/profile?X-Amz-Algorithm=AWS4-HMAC-SHA256&X-Amz-Credential=0004d7f56a0400b0000000001%2F20240306%2Fus-west-000%2Fs3%2Faws4_request&X-Amz-Date=20240306T023133Z&X-Amz-Expires=3600&X-Amz-SignedHeaders=host&X-Amz-Signature=fe29179124bd15419903b41a8ee9d5dcb353f5ab6c7c459e8e2f64a5a0b681c7", "background_cover_image_url": null, "first_name": "Phalgun", "last_name": "Kollepara", "full_name": "Phalgun Kollepara", "follower_count": 417, "occupation": "Associate Software Engineer at Mphasis", "headline": "MBA Business Analytics at Illinois Institute of Technology | EX- Data Analyst at Mphasis | Associate SE | SRM Alumni", "summary": "As a data analyst at Mphasis, I analyze and visualize data to support business decisions and operations. I use BMC control M for scheduling and processing of business workflows across various platforms and applications. Additionally, I utilize SQL, Tableau, and Power BI to create dashboards, reports, and insights that help improve customer experience, product quality, and operational efficiency. I also collaborate with cross-functional teams and stakeholders to understand their data needs and provide solutions. Currently, I am aiming to leverage my skills and gain more knowledge by pursuing a MBA in Business Analytics from Illinois Tech Stuart School of Business.", "country": "US", "country_full_name": "United States of America", "city": "Chicago", "state": "Illinois", "experiences": [{"starts_at": {"day": 1, "month": 10, "year": 2021}, "ends_at": {"day": 31, "month": 7, "year": 2023}, "company": "Mphasis", "company_linkedin_profile_url": "https://www.linkedin.com/company/mphasis", "title": "Associate Software Engineer", "description": null, "location": "Bengaluru, Karnataka, India", "logo_url": "https://media.licdn.com/dms/image/C4D0BAQGA6s2gCDu-MA/company-logo_400_400/0/1630508225161/mphasis_logo?e=1717632000&v=beta&t=8tfcbdw-VnwDWfwvJGJX5PLHLBu4yJBhRjZ4uP7N19s"}, {"starts_at": {"day": 1, "month": 6, "year": 2019}, "ends_at": {"day": 31, "month": 7, "year": 2019}, "company": "Bharat Sanchar Nigam Limited", "company_linkedin_profile_url": "https://www.linkedin.com/company/bsnl", "title": "Intern", "description": null, "location": "Rajahmundry, Andhra Pradesh, India", "logo_url": "https://media.licdn.com/dms/image/C4E0BAQFeqSn-BIRwcg/company-logo_400_400/0/1631307856363?e=1717632000&v=beta&t=brpt4S9B9Hl2zZJJBQoma3S9xN48NC51E8WpNiI_0Oc"}], "education": [{"starts_at": {"day": 1, "month": 8, "year": 2023}, "ends_at": {"day": 31, "month": 8, "year": 2025}, "field_of_study": "Business analytics", "degree_name": "Master of Business Administration - MBA", "school": "Illinois Institute of Technology", "school_linkedin_profile_url": "https://www.linkedin.com/company/6328/", "description": null, "logo_url": "https://media.licdn.com/dms/image/C4D0BAQEd6wnmQCCIHw/company-logo_400_400/0/1630559679535/illinois_institute_of_technology_logo?e=1717632000&v=beta&t=9_wR1v9lt8WVPSux8a585YLwqzmyIqxwEYp0mHeXRL0", "grade": null, "activities_and_societies": null}, {"starts_at": {"day": 1, "month": 1, "year": 2017}, "ends_at": {"day": 31, "month": 12, "year": 2021}, "field_of_study": "Electronics and Communications Engineering", "degree_name": "Bachelor's degree", "school": "SRM University", "school_linkedin_profile_url": "https://www.linkedin.com/company/879960/", "description": null, "logo_url": "https://media.licdn.com/dms/image/C510BAQHO4Qj_rvGxUA/company-logo_400_400/0/1630600315247?e=1717632000&v=beta&t=ukNaKZGVAezpcWdIQVIKD1aLVGE2eq9s4rCJ0mpoSKo", "grade": null, "activities_and_societies": null}, {"starts_at": {"day": 1, "month": 1, "year": 2015}, "ends_at": {"day": 31, "month": 12, "year": 2017}, "field_of_study": null, "degree_name": null, "school": "Sri Chaitanya College of Education", "school_linkedin_profile_url": "https://www.linkedin.com/company/15102548/", "description": null, "logo_url": "https://media.licdn.com/dms/image/C4E0BAQFGcnCCVep9bw/company-logo_400_400-alternative/0/1630620788881/sri_chaitanya_college_of_education_logo?e=1717632000&v=beta&t=IsHfIaWk5oD-fdGg7aO0u2xz4GMYe-kWLXtvJYy-m5A", "grade": null, "activities_and_societies": null}, {"starts_at": null, "ends_at": null, "field_of_study": null, "degree_name": null, "school": "Bhashyam (E.M) High School", "school_linkedin_profile_url": null, "description": null, "logo_url": null, "grade": null, "activities_and_societies": null}], "languages": [], "accomplishment_organisations": [], "accomplishment_publications": [], "accomplishment_honors_awards": [], "accomplishment_patents": [], "accomplishment_courses": [], "accomplishment_projects": [], "accomplishment_test_scores": [], "volunteer_work": [{"starts_at": {"day": 1, "month": 5, "year": 2021}, "ends_at": {"day": 31, "month": 7, "year": 2021}, "title": "Associate", "cause": null, "company": "YuWaah (Generation Unlimited India)", "company_linkedin_profile_url": "https://www.linkedin.com/company/74005768/", "description": null, "logo_url": "https://media.licdn.com/dms/image/C560BAQExWNvi-KT26w/company-logo_400_400/0/1650285561310?e=1717632000&v=beta&t=ldnaOfe5bBoUoWzFhNuBWOQU0xvEB5pLMJPq6QSm70Y"}], "certifications": [], "connections": 417, "people_also_viewed": [], "recommendations": [], "activities": [], "similarly_named_profiles": [], "articles": [], "groups": [{"profile_pic_url": "https://media.licdn.com/dms/image/C5607AQE1fieka0hZ_A/group-logo_image-shrink_400x400/0/1650595271587?e=1710298800&v=beta&t=WaYKr7vWPFHEEjcO1DB55maddoripxaOdimxvJb7xpI", "name": "Dr. Rob's Past Present and Future Marketing and Innovation ROCKSTARS! EXCLUSIVE", "url": "https://www.linkedin.com/groups/14086086"}, {"profile_pic_url": "https://media.licdn.com/dms/image/C4D07AQFNPg4NMiT96Q/group-logo_image-shrink_48x48/0/1630999429915?e=1710298800&v=beta&t=3WZsWw1njSa-UdrjngEar_ikAzSdXpRpvQIkXALkIg8", "name": "Big Data and Analytics", "url": "https://www.linkedin.com/groups/4332669"}], "skills": [], "inferred_salary": null, "gender": null, "birth_date": null, "industry": null, "extra": null, "interests": [], "personal_emails": [], "personal_numbers": []}
