{"public_identifier": "preetham-voleti-45836619b", "profile_pic_url": "https://s3.us-west-000.backblazeb2.com/proxycurl/person/preetham-voleti-45836619b/profile?X-Amz-Algorithm=AWS4-HMAC-SHA256&X-Amz-Credential=0004d7f56a0400b0000000001%2F20240306%2Fus-west-000%2Fs3%2Faws4_request&X-Amz-Date=20240306T053444Z&X-Amz-Expires=3600&X-Amz-SignedHeaders=host&X-Amz-Signature=4af027630089221784d4e0d08d4aa0b934730c441eac972f9160c4375d83527c", "background_cover_image_url": null, "first_name": "preetham", "last_name": "voleti", "full_name": "preetham voleti", "follower_count": 138, "occupation": "Trainee Engineer at KPIT", "headline": "Master\u2019s student at Illinois Institute of Technology in ITM", "summary": null, "country": "US", "country_full_name": "United States of America", "city": "Chicago", "state": "Illinois", "experiences": [{"starts_at": {"day": 1, "month": 7, "year": 2021}, "ends_at": {"day": 31, "month": 7, "year": 2023}, "company": "KPIT", "company_linkedin_profile_url": "https://www.linkedin.com/company/kpit/", "title": "Trainee Engineer", "description": null, "location": "Bangalore Urban, Karnataka, India", "logo_url": "https://media.licdn.com/dms/image/C4E0BAQFuu9kwD-3JGg/company-logo_400_400/0/1630576010281/kpit_logo?e=1717632000&v=beta&t=9tjKwjwQRoyr-NEu418HCKUIiX0h6GjGJVIsf4W4d84"}], "education": [{"starts_at": {"day": 1, "month": 8, "year": 2023}, "ends_at": {"day": 31, "month": 8, "year": 2025}, "field_of_study": "Information Technology", "degree_name": "Master of Science - MS", "school": "Illinois Institute of Technology", "school_linkedin_profile_url": null, "description": null, "logo_url": "https://media.licdn.com/dms/image/C4D0BAQEd6wnmQCCIHw/company-logo_400_400/0/1630559679535/illinois_institute_of_technology_logo?e=1717632000&v=beta&t=9_wR1v9lt8WVPSux8a585YLwqzmyIqxwEYp0mHeXRL0", "grade": null, "activities_and_societies": null}, {"starts_at": {"day": 1, "month": 1, "year": 2017}, "ends_at": {"day": 31, "month": 1, "year": 2021}, "field_of_study": "Electrical, Electronics and Communications Engineering", "degree_name": "Bachelor of Technology - BTech", "school": "SRM University", "school_linkedin_profile_url": null, "description": null, "logo_url": "https://media.licdn.com/dms/image/C510BAQHO4Qj_rvGxUA/company-logo_400_400/0/1630600315247?e=1717632000&v=beta&t=ukNaKZGVAezpcWdIQVIKD1aLVGE2eq9s4rCJ0mpoSKo", "grade": null, "activities_and_societies": null}], "languages": [], "accomplishment_organisations": [], "accomplishment_publications": [], "accomplishment_honors_awards": [], "accomplishment_patents": [], "accomplishment_courses": [], "accomplishment_projects": [], "accomplishment_test_scores": [], "volunteer_work": [], "certifications": [], "connections": 136, "people_also_viewed": [{"link": "https://www.linkedin.com/in/phalgunkollepara", "name": "Phalgun Kollepara", "summary": "MBA Business Analytics at Illinois Institute of Technology | EX- Data Analyst at Mphasis | Associate SE | SRM Alumni", "location": null}, {"link": "https://www.linkedin.com/in/manogna-vadlamudi-00740927a", "name": "Manogna Vadlamudi", "summary": "Graduate student at Illinois Institute of Technology", "location": null}, {"link": "https://www.linkedin.com/in/santhoshnsk0204", "name": "Santhosh Kumar Nallamalla", "summary": "Senior Technical Lead at HCL Technologies", "location": null}, {"link": "https://www.linkedin.com/in/ch-divyesh-b17a9a171", "name": "Ch Divyesh", "summary": "MS in ITM, Data Analytics at Illinois tech | Ex - Software Engineer at Cognizant", "location": null}, {"link": "https://www.linkedin.com/in/avinash-palagiri-2a14b823b", "name": "Avinash Palagiri", "summary": "Data Engineer", "location": null}, {"link": "https://www.linkedin.com/in/harsha-vardhan-vv-dataanalysis", "name": "Harsha Vardhan V V", "summary": "MS Excel | MY SQL | Tableau | Python for Data Analysis |Manual Testing | Automation Testing | Mainframe", "location": null}, {"link": "https://www.linkedin.com/in/bharadwaj-reddy-801915211", "name": "Bharadwaj Reddy", "summary": "Engineer - E/E integration and testing", "location": null}, {"link": "https://www.linkedin.com/in/sai-sarath-sammeta-332b901a3", "name": "SAI SARATH SAMMETA", "summary": "Catalog Specialist| 3 years in E-commerce Data Management & Data Analytic", "location": null}, {"link": "https://www.linkedin.com/in/naveenbabudasari", "name": "Naveen Babu Dasari", "summary": "Senior Software Engineer at Ford Smart Mobility LLC", "location": null}, {"link": "https://www.linkedin.com/in/venkata-satya-sai-abhishek-52a36719b", "name": "Venkata satya sai Abhishek", "summary": "Associate at PwC", "location": null}], "recommendations": [], "activities": [], "similarly_named_profiles": [], "articles": [], "groups": [], "skills": [], "inferred_salary": null, "gender": null, "birth_date": null, "industry": null, "extra": null, "interests": [], "personal_emails": [], "personal_numbers": []}
