{"public_identifier": "renuka-suresh-adigesula", "profile_pic_url": "https://s3.us-west-000.backblazeb2.com/proxycurl/person/renuka-suresh-adigesula/profile?X-Amz-Algorithm=AWS4-HMAC-SHA256&X-Amz-Credential=0004d7f56a0400b0000000001%2F20240305%2Fus-west-000%2Fs3%2Faws4_request&X-Amz-Date=20240305T231754Z&X-Amz-Expires=3600&X-Amz-SignedHeaders=host&X-Amz-Signature=81e790b4e941c31c2fdae544ef87948512320d7ca84c6f9e449d9b52add05fd2", "background_cover_image_url": "https://s3.us-west-000.backblazeb2.com/proxycurl/person/renuka-suresh-adigesula/cover?X-Amz-Algorithm=AWS4-HMAC-SHA256&X-Amz-Credential=0004d7f56a0400b0000000001%2F20240305%2Fus-west-000%2Fs3%2Faws4_request&X-Amz-Date=20240305T231754Z&X-Amz-Expires=3600&X-Amz-SignedHeaders=host&X-Amz-Signature=a5a496be046dbedddbc6b713b956d269b69733aac3c775961d4d3d7bfa9d769d", "first_name": "RENUKA", "last_name": "SURESH", "full_name": "RENUKA SURESH", "follower_count": 60, "occupation": "Masters Student at Illinois Institute of Technology", "headline": "Masters Student at Illinois Institute of Technology", "summary": "I am a highly motivated and accomplished individual poised to make a significant mark in the realm of technology and management. With a deep-rooted commitment to innovation and a proven track record of strategic thinking, I excel in dynamic corporate environments. Known for my ability to navigate complex challenges, foster cross-functional collaborations, and surpass expectations, I am driven by a relentless pursuit of excellence. If you are in search of a results-oriented leader who can elevate your organization to new heights, I invite you to explore the profound impact I can make.", "country": "US", "country_full_name": "United States of America", "city": "Chicago", "state": "Illinois", "experiences": [{"starts_at": {"day": 1, "month": 8, "year": 2023}, "ends_at": null, "company": "Illinois Institute of Technology", "company_linkedin_profile_url": "https://www.linkedin.com/school/illinois-tech/", "title": "Masters Student", "description": null, "location": "Chicago, Illinois, United States", "logo_url": "https://media.licdn.com/dms/image/C4D0BAQEd6wnmQCCIHw/company-logo_400_400/0/1630559679535/illinois_institute_of_technology_logo?e=1717632000&v=beta&t=9_wR1v9lt8WVPSux8a585YLwqzmyIqxwEYp0mHeXRL0"}, {"starts_at": {"day": 1, "month": 9, "year": 2021}, "ends_at": {"day": 31, "month": 10, "year": 2021}, "company": "National Bureau Of Soil Survey & Land Use Planning", "company_linkedin_profile_url": "https://www.linkedin.com/company/national-bureau-of-soil-survey-&-land-use-planning/", "title": "Student Intern", "description": null, "location": "Bangalore Urban, Karnataka, India", "logo_url": null}], "education": [{"starts_at": {"day": 1, "month": 8, "year": 2017}, "ends_at": {"day": 31, "month": 1, "year": 2021}, "field_of_study": "Computer Science", "degree_name": "Bachelor of Engineering - BE", "school": "City Engineering College", "school_linkedin_profile_url": null, "description": null, "logo_url": "https://media.licdn.com/dms/image/C560BAQEBnHGtTBXYhw/company-logo_400_400/0/1630639036524?e=1717632000&v=beta&t=4Dcub6tENmHE1UD_cr26xznV-8MZOdljxEqIh9uvOoY", "grade": null, "activities_and_societies": null}, {"starts_at": {"day": 1, "month": 8, "year": 2023}, "ends_at": null, "field_of_study": "Information Technology and Management", "degree_name": "Master's degree", "school": "Illinois Institute of Technology", "school_linkedin_profile_url": null, "description": null, "logo_url": "https://media.licdn.com/dms/image/C4D0BAQEd6wnmQCCIHw/company-logo_400_400/0/1630559679535/illinois_institute_of_technology_logo?e=1717632000&v=beta&t=9_wR1v9lt8WVPSux8a585YLwqzmyIqxwEYp0mHeXRL0", "grade": null, "activities_and_societies": null}], "languages": [], "accomplishment_organisations": [], "accomplishment_publications": [], "accomplishment_honors_awards": [], "accomplishment_patents": [], "accomplishment_courses": [], "accomplishment_projects": [], "accomplishment_test_scores": [], "volunteer_work": [], "certifications": [], "connections": 60, "people_also_viewed": [{"link": "https://www.linkedin.com/in/tejanarra", "name": "Sri Sai Teja Narra", "summary": "Actively looking for new grad positions of SDE/SWE roles | Masters in Computer Science @ Illinois Institute of Technology", "location": null}, {"link": "https://www.linkedin.com/in/vijaya-sai-dasari-27635b1a1", "name": "Vijaya Sai Dasari", "summary": "MS CS student in Illinois institute of technology", "location": null}, {"link": "https://www.linkedin.com/in/vaishnavi-shetty-csgrad", "name": "Vaishnavi Shetty", "summary": "Computer Science Graduate Student at Illinois Institute of Technology|Ex-Accenture", "location": null}, {"link": "https://www.linkedin.com/in/ramiroalarcon", "name": "Ramiro Alarcon", "summary": "First Year Mentor at Illinois Institute of Technology", "location": null}, {"link": "https://www.linkedin.com/in/sriujan-harihar-1abb42199", "name": "Sriujan Harihar", "summary": "MS Data Science @Illinois Institute of Technology | Actively seeking opportunities for Part time, Internship and Co-op opportunities for Spring '24 | Ex Software Engineer at LTIMindtree", "location": null}, {"link": "https://www.linkedin.com/in/baoshu-feng-a0981a128", "name": "Baoshu Feng", "summary": "Software Enginner | IIT Biochem, CS & Stats", "location": null}, {"link": "https://www.linkedin.com/in/noyal-joseph-binu", "name": "Noyal Joseph Binu", "summary": "CS Grad student @IIT chicago", "location": null}, {"link": "https://www.linkedin.com/in/krishna-panchal-8b135a112", "name": "Krishna Panchal", "summary": "Junior Software Developer (Java Developer)", "location": null}, {"link": "https://www.linkedin.com/in/namanjangid", "name": "Naman Jangid", "summary": "Master's Student @Illinois Institute Of Technology in Computer Science | Ex-LTIMindtree", "location": null}, {"link": "https://www.linkedin.com/in/thitipun-s", "name": "THITIPUN SRINARMWONG", "summary": "Master of Computer Science Student at Illinois Institute of Technology", "location": null}], "recommendations": [], "activities": [], "similarly_named_profiles": [], "articles": [], "groups": [], "skills": [], "inferred_salary": null, "gender": null, "birth_date": null, "industry": null, "extra": null, "interests": [], "personal_emails": [], "personal_numbers": []}
