{"public_identifier": "roygori", "profile_pic_url": "https://s3.us-west-000.backblazeb2.com/proxycurl/person/roygori/profile?X-Amz-Algorithm=AWS4-HMAC-SHA256&X-Amz-Credential=0004d7f56a0400b0000000001%2F20240305%2Fus-west-000%2Fs3%2Faws4_request&X-Amz-Date=20240305T195525Z&X-Amz-Expires=3600&X-Amz-SignedHeaders=host&X-Amz-Signature=6cd500e28c0cd6eb45467b450593ab9a8e8f084bcc8a4b6f34a5b610ebe0119b", "background_cover_image_url": "https://s3.us-west-000.backblazeb2.com/proxycurl/person/roygori/cover?X-Amz-Algorithm=AWS4-HMAC-SHA256&X-Amz-Credential=0004d7f56a0400b0000000001%2F20240305%2Fus-west-000%2Fs3%2Faws4_request&X-Amz-Date=20240305T195525Z&X-Amz-Expires=3600&X-Amz-SignedHeaders=host&X-Amz-Signature=824deb31270e097c02c70702f4887a9817ffc03325b3c4cf274233555441c353", "first_name": "Roy", "last_name": "Gori", "full_name": "Roy Gori", "follower_count": 45863, "occupation": "President & CEO at Manulife", "headline": "Making Decisions Easier & Lives Better as President & CEO, Manulife", "summary": "On a journey to transform Manulife into the most digital, customer-centric global company in our industry. Passionate about making decisions easier and lives better for our customers and creating value for our shareholders. Driven to foster a winning team and culture defined by ambition, capability, and execution. \n\nInspired to advance health, wellness, and longevity as a Triathlete and Ironman finisher. \nProud husband and father of three.", "country": "CA", "country_full_name": "Canada", "city": "Toronto", "state": "Ontario", "experiences": [{"starts_at": {"day": 1, "month": 6, "year": 2017}, "ends_at": null, "company": "Manulife", "company_linkedin_profile_url": "https://www.linkedin.com/company/manulife-financial/", "title": "President & CEO", "description": "Operating today as Manulife globally and John Hancock in the United States, we make decisions easier and lives better for our more than 34 million customers. Through our international network of more than 40,000 colleagues and 116,000 agents, we provide financial advice, insurance and wealth and asset management solutions. Manulife has been named a World\u2019s Best Employer by Forbes for 3 consecutive years, named to Bloomberg\u2019s 2022 Gender Equality Index for the 4th consecutive year and named as one of Canada\u2019s Top 100 Employers in 2022.", "location": "Toronto, Ontario, Canada", "logo_url": "https://media.licdn.com/dms/image/D560BAQFgXRXEMLvgoQ/company-logo_400_400/0/1688483441624/manulife_financial_logo?e=1716422400&v=beta&t=B7CllVX0Vr9U8gYILi_EkATPTgONMHXtcaehLdLP6rA"}, {"starts_at": {"day": 1, "month": 3, "year": 2015}, "ends_at": {"day": 30, "month": 6, "year": 2017}, "company": "Manulife", "company_linkedin_profile_url": "https://www.linkedin.com/company/manulife-financial/", "title": "President and CEO, Manulife Asia", "description": "I joined Manulife as President and Chief Executive Officer, Manulife Asia, in March 2015 and was also a member of Manulife Financial's Executive Committee. Manulife has a long history in Asia - nearly 120 years - and I was responsible for operations in China, Hong Kong, Indonesia, Japan, Macau, Malaysia, the Philippines, Singapore, Taiwan, Thailand, Vietnam and Cambodia. Asia currently accounts for about one-third of Manulife's overall earnings.", "location": "Hong Kong", "logo_url": "https://media.licdn.com/dms/image/D560BAQFgXRXEMLvgoQ/company-logo_400_400/0/1688483441624/manulife_financial_logo?e=1716422400&v=beta&t=B7CllVX0Vr9U8gYILi_EkATPTgONMHXtcaehLdLP6rA"}, {"starts_at": {"day": 1, "month": 4, "year": 2013}, "ends_at": {"day": 28, "month": 2, "year": 2015}, "company": "Citi", "company_linkedin_profile_url": "https://www.linkedin.com/company/citi/", "title": "Regional Head of Retail Banking, Asia Pacific", "description": null, "location": "Sydney Area, Australia", "logo_url": "https://media.licdn.com/dms/image/D560BAQFyJ8WSHyyqsQ/company-logo_400_400/0/1688141923566/citi_logo?e=1716422400&v=beta&t=HdMx6Tluhm9jgPCZdFc1Lxbd5o73RE4Pm1e4-oy37UA"}, {"starts_at": {"day": 1, "month": 4, "year": 2013}, "ends_at": {"day": 28, "month": 2, "year": 2015}, "company": "Citi", "company_linkedin_profile_url": "https://www.linkedin.com/company/citi/", "title": "Head of Consumer Banking, North Asia and Australia", "description": null, "location": "Sydney, Australia", "logo_url": "https://media.licdn.com/dms/image/D560BAQFyJ8WSHyyqsQ/company-logo_400_400/0/1688141923566/citi_logo?e=1716422400&v=beta&t=HdMx6Tluhm9jgPCZdFc1Lxbd5o73RE4Pm1e4-oy37UA"}, {"starts_at": {"day": 1, "month": 3, "year": 2008}, "ends_at": {"day": 31, "month": 3, "year": 2013}, "company": "Citi", "company_linkedin_profile_url": "https://www.linkedin.com/company/citi/", "title": "CEO", "description": null, "location": "Sydney, Australia", "logo_url": "https://media.licdn.com/dms/image/D560BAQFyJ8WSHyyqsQ/company-logo_400_400/0/1688141923566/citi_logo?e=1716422400&v=beta&t=HdMx6Tluhm9jgPCZdFc1Lxbd5o73RE4Pm1e4-oy37UA"}, {"starts_at": {"day": 1, "month": 1, "year": 2003}, "ends_at": {"day": 31, "month": 3, "year": 2008}, "company": "Citi", "company_linkedin_profile_url": "https://www.linkedin.com/company/citi/", "title": "Country Manager", "description": null, "location": "Sydney, Australia", "logo_url": "https://media.licdn.com/dms/image/D560BAQFyJ8WSHyyqsQ/company-logo_400_400/0/1688141923566/citi_logo?e=1716422400&v=beta&t=HdMx6Tluhm9jgPCZdFc1Lxbd5o73RE4Pm1e4-oy37UA"}, {"starts_at": {"day": 1, "month": 1, "year": 2003}, "ends_at": {"day": 31, "month": 1, "year": 2007}, "company": "Citi", "company_linkedin_profile_url": "https://www.linkedin.com/company/citi/", "title": "Director of Credit Cards and Consumer Lending", "description": null, "location": "Sydney, Australia", "logo_url": "https://media.licdn.com/dms/image/D560BAQFyJ8WSHyyqsQ/company-logo_400_400/0/1688141923566/citi_logo?e=1716422400&v=beta&t=HdMx6Tluhm9jgPCZdFc1Lxbd5o73RE4Pm1e4-oy37UA"}, {"starts_at": {"day": 1, "month": 1, "year": 2002}, "ends_at": {"day": 31, "month": 12, "year": 2003}, "company": "Citi", "company_linkedin_profile_url": "https://www.linkedin.com/company/citi/", "title": "Business Manager for Citigold, Credit Cards & Consumer Lending", "description": null, "location": "Bangkok Metropolitan Area, Thailand", "logo_url": "https://media.licdn.com/dms/image/D560BAQFyJ8WSHyyqsQ/company-logo_400_400/0/1688141923566/citi_logo?e=1716422400&v=beta&t=HdMx6Tluhm9jgPCZdFc1Lxbd5o73RE4Pm1e4-oy37UA"}, {"starts_at": {"day": 1, "month": 1, "year": 1999}, "ends_at": {"day": 31, "month": 1, "year": 2003}, "company": "Citi", "company_linkedin_profile_url": "https://www.linkedin.com/company/citi/", "title": "Chief Financial Officer, Thailand", "description": null, "location": "Bangkok Metropolitan Area, Thailand", "logo_url": "https://media.licdn.com/dms/image/D560BAQFyJ8WSHyyqsQ/company-logo_400_400/0/1688141923566/citi_logo?e=1716422400&v=beta&t=HdMx6Tluhm9jgPCZdFc1Lxbd5o73RE4Pm1e4-oy37UA"}, {"starts_at": {"day": 1, "month": 1, "year": 1997}, "ends_at": {"day": 31, "month": 1, "year": 1999}, "company": "Citi", "company_linkedin_profile_url": "https://www.linkedin.com/company/citi/", "title": "Asia Pacific Regional Head of Financial Data Warehousing, Singapore", "description": null, "location": "Singapore", "logo_url": "https://media.licdn.com/dms/image/D560BAQFyJ8WSHyyqsQ/company-logo_400_400/0/1688141923566/citi_logo?e=1716422400&v=beta&t=HdMx6Tluhm9jgPCZdFc1Lxbd5o73RE4Pm1e4-oy37UA"}], "education": [{"starts_at": null, "ends_at": null, "field_of_study": null, "degree_name": "Economics and Finance", "school": "UNSW", "school_linkedin_profile_url": null, "description": null, "logo_url": "https://media.licdn.com/dms/image/D560BAQFqOpEPsH5vsQ/company-logo_400_400/0/1708045452262/unsw_logo?e=1716422400&v=beta&t=fs6yMWy8e-JNUl_-50NCwphOlrau-w0h83-pjzboSrg", "grade": null, "activities_and_societies": null}, {"starts_at": null, "ends_at": null, "field_of_study": "Marketing", "degree_name": "Master of Business Administration (MBA)", "school": "University of Technology Sydney", "school_linkedin_profile_url": null, "description": null, "logo_url": "https://media.licdn.com/dms/image/C560BAQHW5Zk21s3IBA/company-logo_400_400/0/1631330781753?e=1716422400&v=beta&t=FfgNUEUalG2-hjEimGSo7kRqv4Jrdn5HPfaeU6F04uo", "grade": null, "activities_and_societies": null}], "languages": [], "accomplishment_organisations": [], "accomplishment_publications": [], "accomplishment_honors_awards": [{"title": "Best Regional Retail Business in Asia", "issuer": "The Asian Banker Excellence in Retail Financial Services International Awards", "issued_on": {"day": 1, "month": 1, "year": 2011}, "description": "I was honoured to receive this award on behalf of all of the team at Citibank Australia\n\nhttp://www.asianbankerawards.com/retailfinancial/photogallery2011.php"}], "accomplishment_patents": [], "accomplishment_courses": [], "accomplishment_projects": [], "accomplishment_test_scores": [], "volunteer_work": [], "certifications": [], "connections": null, "people_also_viewed": [{"link": "https://www.linkedin.com/in/rahul-joshi-5a523272", "name": "Rahul Joshi", "summary": "Chief Operations Officer at Manulife", "location": null}, {"link": "https://www.linkedin.com/in/dave-mckay-4189071", "name": "Dave McKay", "summary": "President & CEO at RBC", "location": null}, {"link": "https://www.linkedin.com/in/satyanadella", "name": "Satya Nadella", "summary": "Chairman and CEO at Microsoft", "location": null}, {"link": "https://www.linkedin.com/in/jane-fraser-3292068", "name": "Jane Fraser", "summary": "CEO, Citi", "location": null}, {"link": "https://www.linkedin.com/in/laurencefink", "name": "Larry Fink", "summary": "Chairman and CEO at BlackRock", "location": null}, {"link": "https://www.linkedin.com/in/leggettkaren", "name": "Karen Leggett", "summary": "Global Chief Marketing Officer, Manulife", "location": null}, {"link": "https://www.linkedin.com/in/sarahdchapman", "name": "Sarah Chapman, PhD", "summary": "Global Chief Sustainability Officer & Chief Marketing Officer (Wealth and Asset Management)", "location": null}, {"link": "https://www.linkedin.com/in/ryan-charland-b884b741", "name": "Ryan Charland", "summary": "President Director, Manulife Indonesia at Manulife", "location": null}, {"link": "https://www.linkedin.com/in/shamus-weiland-50648613", "name": "Shamus Weiland", "summary": "Chief Information Officer at Manulife", "location": null}, {"link": "https://www.linkedin.com/in/anil-wadhwani-2815a215a", "name": "Anil Wadhwani", "summary": "Chief Executive Officer, Prudential plc", "location": null}], "recommendations": [], "activities": [], "similarly_named_profiles": [], "articles": [], "groups": [], "skills": [], "inferred_salary": null, "gender": null, "birth_date": null, "industry": null, "extra": null, "interests": [], "personal_emails": ["roy_gori@manulife.com"], "personal_numbers": []}
