{"public_identifier": "surya-merala", "profile_pic_url": "https://media.licdn.com/dms/image/D5603AQFudIwlUxUkjQ/profile-displayphoto-shrink_800_800/0/1697782371481?e=1715212800&v=beta&t=wwcprWYQy8G_g6L3gnNfpBsbXWULSp_JVO8jRgDeKYo", "background_cover_image_url": "https://media.licdn.com/dms/image/D5616AQHAKgXgVZv4Vw/profile-displaybackgroundimage-shrink_350_1400/0/1683948018458?e=1715212800&v=beta&t=rDSJcODfcFkBL-v3EaVNLyAODY_-p1lVCdOQUVgeKpU", "first_name": "Surya", "last_name": "Merala", "full_name": "Surya Merala", "follower_count": 1119, "occupation": "Year-Round Intern QA Enterprise Technology at OCC", "headline": "Year-Round Intern QA Enterprise Technology at OCC | Grad Student at Illinois Tech", "summary": "I am a dedicated and forward-thinking Master's student at Illinois Institute of Technology, specializing in Data Analytics. With a solid foundation in Information Technology Management and over two years of hands-on experience in the IT industry as a Software QA Engineer, I bring a unique blend of skills and knowledge to the table.", "country": "US", "country_full_name": "United States of America", "city": "Chicago", "state": "Illinois", "experiences": [{"starts_at": {"day": 1, "month": 9, "year": 2023}, "ends_at": null, "company": "Chicago Public Schools", "company_linkedin_profile_url": "https://www.linkedin.com/company/chicago-public-schools/", "title": "Student Assistant", "description": "-Proctored examinations for over 200+ students, ensuring a fair and secure testing environment.\n-Utilized database management software such as FileMaker and Microsoft Excel to accurately and efficiently maintain student records and information.\n-Communicated clearly and effectively with students and parents as check-in staff, explaining rules and regulations.", "location": "Chicago, Illinois, United States", "logo_url": "https://media.licdn.com/dms/image/C4D0BAQEuD7iek5Y3JQ/company-logo_400_400/0/1631303217158?e=1717632000&v=beta&t=iUJ-3ILBX6T2YSuGSda682FN6ja-BMrKIn53aac5Jgw"}, {"starts_at": {"day": 1, "month": 1, "year": 2024}, "ends_at": null, "company": "OCC", "company_linkedin_profile_url": "https://www.linkedin.com/company/occ/", "title": "Year-Round Intern QA Enterprise Technology", "description": "-Collaborated with cross-functional teams to ensure high-quality enterprise applications on Appian technology.\n-Implementing Agile methodologies and utilizes tools like JIRA,Spira and Postman for efficient project management.\n-Conducting comprehensive testing, re-testing, and contributes to ongoing maintenance efforts.\n- Playing a key role in validating new updates, ensuring software aligns with evolving business needs.", "location": "Greater Chicago Area", "logo_url": "https://media.licdn.com/dms/image/D560BAQFX9AzM4fF67A/company-logo_400_400/0/1689015220193/occ_logo?e=1717632000&v=beta&t=WBXJ-Qz5jZUOm7Wocc7wsRTVSFfv_T0JNGLo7GSgnYw"}, {"starts_at": {"day": 1, "month": 8, "year": 2023}, "ends_at": null, "company": "Illinois Institute of Technology", "company_linkedin_profile_url": "https://www.linkedin.com/school/illinois-tech/", "title": "Associate Academic Coach", "description": "Associate Academic Coach | Illinois Institute of Technology\n\nAs an Academic Coach at Illinois Institute of Technology, I guided undergraduate students towards achieving academic success through personalized coaching and strategic planning. My role encompassed:\n\n- Study Planning:Empowering students to develop effective study plans tailored to their learning styles and academic goals.\n- Time Management: Providing strategies and techniques to optimize time management, allowing students to balance coursework, extracurriculars, and personal commitments.\n- Resource Utilization:Teaching students how to leverage university resources, including libraries, academic support services, and online tools, for enhanced learning.\n- Assignment Mastery: Assisting students in excelling in assignments by offering guidance on research, writing, and project management.\n- Bi-weekly Google meet Sessions: Organizing and facilitating interactive sessions via Gmeet to address challenges, provide guidance, and foster a supportive academic community.\n\nBy collaborating closely with students, I fostered a culture of academic excellence, empowering them to thrive both academically and personally", "location": "Chicago, Illinois, United States", "logo_url": "https://media.licdn.com/dms/image/C4D0BAQEd6wnmQCCIHw/company-logo_400_400/0/1630559679535/illinois_institute_of_technology_logo?e=1717632000&v=beta&t=9_wR1v9lt8WVPSux8a585YLwqzmyIqxwEYp0mHeXRL0"}, {"starts_at": {"day": 1, "month": 12, "year": 2021}, "ends_at": {"day": 30, "month": 11, "year": 2022}, "company": "Tailwebs Technology", "company_linkedin_profile_url": "https://www.linkedin.com/company/tailwebs-technology/", "title": "Software QA Engineer", "description": "\u25cf  Carrying out the overall Quality Assurance processes for a funded application, Work and Communications\n(WAC) using tools like PCloudy, Android Studio, Postman, Appium, Git, Trello, G-Sheets, and Zeplin.\n\u25cf   Setting the Quality Assurance (QA) methodologies, test planning, and designing test case templates; also,\nchecking for Android and iOS versions and keeping the application available for all the latest versions.\n\u25cf   Testing and designing test cases (manual and automation), demonstrating the functionalities incorporated,\nimplementing modifications and maintenance\n\u25cf   Interacting with the clients to review business specifications; also, creating new tables, views, and indexes where ever needed", "location": "Bangalore Urban, Karnataka, India", "logo_url": "https://media.licdn.com/dms/image/C560BAQFJj2trT15e3g/company-logo_400_400/0/1647410300466/tailwebs_technology_logo?e=1717632000&v=beta&t=_7mihLK4Mllzt-1qAa5zEoZgkXtNR4VZBO_CiG8gSzA"}, {"starts_at": {"day": 1, "month": 11, "year": 2020}, "ends_at": {"day": 31, "month": 12, "year": 2021}, "company": "Test Yantra", "company_linkedin_profile_url": "https://www.linkedin.com/company/test-yantra-software-solutions/", "title": "Software Quality Assurance Engineer", "description": "\u25cf   Designed test cases, demonstrated the functionalities;\n\u25cf   Incorporated, implemented modifications suggested by designers and the client for UI and functionality\nchanges, and deployed the product on the client's installation.\n\u25cf   Responsible for different types of testing Smoke, Functional, Integration, System, Adhoc, Network,\nInternationalization, API testing - Postman\n\u25cf   Designed and implemented automated testing tools such as Selenium and Appium.\n\u25cf   Programs addressing areas including database impacts, software scenarios, regression testing, negative\ntesting, error/bug retests, and usability.", "location": "Bangalore Urban, Karnataka, India", "logo_url": "https://media.licdn.com/dms/image/C510BAQG83EJrvP1IrA/company-logo_400_400/0/1630602441056/test_yantra_software_solutions_logo?e=1717632000&v=beta&t=OYMacYKFdSHAt5fmqZHDjCKznliWfXbsK1YOv7c161c"}], "education": [{"starts_at": {"day": 1, "month": 1, "year": 2023}, "ends_at": {"day": 31, "month": 12, "year": 2024}, "field_of_study": "Information technology and management ", "degree_name": "Master of Science - MS", "school": "Illinois Institute of Technology", "school_linkedin_profile_url": null, "description": null, "logo_url": "https://media.licdn.com/dms/image/C4D0BAQEd6wnmQCCIHw/company-logo_400_400/0/1630559679535/illinois_institute_of_technology_logo?e=1717632000&v=beta&t=9_wR1v9lt8WVPSux8a585YLwqzmyIqxwEYp0mHeXRL0", "grade": null, "activities_and_societies": null}, {"starts_at": {"day": 1, "month": 8, "year": 2016}, "ends_at": {"day": 31, "month": 8, "year": 2020}, "field_of_study": "Electronics and Communication ", "degree_name": "Bachelor of Engineering - BE", "school": "K S Institute of Technology, BANGALORE", "school_linkedin_profile_url": null, "description": null, "logo_url": null, "grade": null, "activities_and_societies": null}], "languages": [], "accomplishment_organisations": [], "accomplishment_publications": [], "accomplishment_honors_awards": [], "accomplishment_patents": [], "accomplishment_courses": [], "accomplishment_projects": [], "accomplishment_test_scores": [], "volunteer_work": [], "certifications": [{"starts_at": {"day": 1, "month": 2, "year": 2024}, "ends_at": null, "name": "Agile Foundations", "license_number": "47c3ddaadf3b2cd857f0667b1341938365f2caa220d6c9da23bc010fc82e218b", "display_source": null, "authority": "APPTRA Learning & Transformation Consulting. - IIBA Endorsed Education Provider", "url": null}], "connections": 500, "people_also_viewed": [{"link": "https://www.linkedin.com/in/nikhil-bhosale7", "name": "Nikhil Bhosale, MS", "summary": "Data Analyst | PowerBI analyst | Actively Seeking Full-Time Opportunities | MS ITM Graduate | Ex - Accenture", "location": null}, {"link": "https://www.linkedin.com/in/sourabh-sajjan", "name": "Sourabh Sajjan", "summary": "Intern, IT Service Management @ OCC | Masters in Computer Science at Illinois Institute of Technology |", "location": null}, {"link": "https://www.linkedin.com/in/swetha-sighakolli-816689216", "name": "Swetha Sighakolli", "summary": "Passionate about Cloud Services & Technologies| Azure Certified Cloud Engineer | Azure IaaS/PaaS Management | DevOps Enthusiast | Actively Seeking Full-Time Opportunities", "location": null}, {"link": "https://www.linkedin.com/in/sunanda-ganpati-balkunde", "name": "Sunanda Ganpati  Balkunde", "summary": "MIS Grad Student | Sr. ITSM Consultant | ITIL Intermediate Certified | IT Service Mgmt | PowerBI, Domo, Tableau | ServiceNow, Jira | Lean & Agile | Project Mgmt | Data Analysis | Continual Service Improvement | Team Mgmt", "location": null}, {"link": "https://www.linkedin.com/in/adityasaikolluru", "name": "Aditya sai Kolluru", "summary": "CS Grad Student @ Illinois Tech | Actively looking for Full Time Opportunities", "location": null}, {"link": "https://www.linkedin.com/in/neelamborse", "name": "Neelam Borse", "summary": "GHC'23 | MS ITM | Software Enthusiast | Actively seeking for Full time Opportunities", "location": null}, {"link": "https://www.linkedin.com/in/mahendrak1999", "name": "Mahendra Koravi", "summary": "Data Analyst | Graduate Student & Teaching Assistant @ Illinois Tech | Python, SQL, ML.", "location": null}, {"link": "https://www.linkedin.com/in/nidhi-patni-jain", "name": "Nidhi Patni", "summary": "Actively looking for fulltime opportunities | MS Data Analytics at IIT, Chicago | Cloud Big Data Engineer at Celebal Technologies | Senior Analyst at Yardi | Azure | Databricks | Python | MSBI | ETL | SQL | Power BI | R", "location": null}, {"link": "https://www.linkedin.com/in/prajwal-s-venkatesh", "name": "Prajwal S Venkateshmurthy", "summary": "CS Grad @Illinois Tech | Skilled in UI/UX, Frontend and Full Stack | Eager to Join World-Class Engineering Teams Driving Cutting Edge Products", "location": null}, {"link": "https://www.linkedin.com/in/nehagawali", "name": "Neha Gawali", "summary": "\ud83c\udf93Upcoming May'24 Grad | Master's in Computer Science | Accenture Sr. SDET | 4 Years of Quality-Shaping Exp. | Actively Seeking SDET / QAE / Software Dev Roles | Known for Analytical Prowess in Testing #OpenToWork", "location": null}], "recommendations": [], "activities": [], "similarly_named_profiles": [], "articles": [], "groups": [], "skills": [], "inferred_salary": null, "gender": null, "birth_date": null, "industry": null, "extra": null, "interests": [], "personal_emails": [], "personal_numbers": []}
