{"public_identifier": "vempati-hemapavani", "profile_pic_url": "https://s3.us-west-000.backblazeb2.com/proxycurl/person/vempati-hemapavani/profile?X-Amz-Algorithm=AWS4-HMAC-SHA256&X-Amz-Credential=0004d7f56a0400b0000000001%2F20240305%2Fus-west-000%2Fs3%2Faws4_request&X-Amz-Date=20240305T094300Z&X-Amz-Expires=3600&X-Amz-SignedHeaders=host&X-Amz-Signature=c06f8dfc26d85be57560b95318360fdbcab2378952e064ceff04bfd55a95cbee", "background_cover_image_url": "https://s3.us-west-000.backblazeb2.com/proxycurl/person/vempati-hemapavani/cover?X-Amz-Algorithm=AWS4-HMAC-SHA256&X-Amz-Credential=0004d7f56a0400b0000000001%2F20240305%2Fus-west-000%2Fs3%2Faws4_request&X-Amz-Date=20240305T094300Z&X-Amz-Expires=3600&X-Amz-SignedHeaders=host&X-Amz-Signature=237c3f766a54e1d948377b6a7e1748ec4d54d8c62ab5b9c4ecae74caa0827a29", "first_name": "Hema Pavani", "last_name": "Vempati", "full_name": "Hema Pavani Vempati", "follower_count": 3224, "occupation": "Business Technology Analyst at Deloitte", "headline": "Actively seeking Full-time opportunities | MS- Information Technology and Management @ Illinois Tech | Ex-Deloitte | Ex-Tata Consultancy Services | Salesforce | Java | Python", "summary": "Experienced, multifaceted, enthusiastic, performance-focused, and results-oriented IT professional with 5 years of industry expertise offering hands-on experience in encompassing requirements analysis, efficient code development and armed with exceptional analytical, interpersonal, problem-solving skills. Adept at providing adequate solutions to arising conflicts; as well as working within fast-paced environments while maintaining optimum results.\n\nCore Competencies:\nSalesforce Development | Java Development | Python | Machine Learning | Client Collaboration | Agile Methodologies | Team Management | Cross-functional Collaboration | Learning and Development\n\nEducation:\nI am currently pursuing a Master of Information Technology and Management degree at the Illinois Institute of Technology.\n\nProfessional Experience:\nI worked for Deloitte as a Salesforce Developer, being a part of the core product development team for our client Waste Management, I honed my skills in creating innovative eCommerce solutions for the business using Apex, Cloud Craze technologies. I also played a key role in driving the entire end-to-end production deployment process for our project effectively. I have extensive experience working with Agile methodologies and collaborating with various stakeholders.\n\nI worked for Tata Consultancy Services as a Java Developer, being a part of the core development team for our client Humana, I honed my skills in developing the Java applications using  Spring Boot, Microservices, Rest API. I have strong hands-on experience in writing clean, maintainable and testable production code following TDD (Test driven development) with JUnit testing and Integration testing using Mockito framework. I have deployed, managed and continuously delivered multiple services on PCF (Pivotal cloud foundry).\n\nTechnical Acumen:\nProgramming languages: Java | Apex | Python | R | HTML | CSS | JavaScript\nTechnology: Salesforce | Cloud Craze | Microservices | Azure DevOps | Big Data | Cloud Computing | GIT\nTools: PowerBi | Tableau | Proficient in MS Office suite | Unix | Windows | VMWare | MySQL | MongoDB | Oracle\n\nIf you are seeking a dedicated and passionate software developer with exceptional analytical, interpersonal, and problem-solving skills, and driven by a passion for continuous learning and growth, please don't hesitate to contact me through LinkedIn to explore opportunities together. You can also reach me via email at hvempati@hawk.iit.edu. I'm open to new connections and collaborations.", "country": "US", "country_full_name": "United States of America", "city": "Chicago", "state": "Illinois", "experiences": [{"starts_at": {"day": 1, "month": 2, "year": 2021}, "ends_at": {"day": 31, "month": 1, "year": 2023}, "company": "Deloitte", "company_linkedin_profile_url": "https://www.linkedin.com/company/deloitte/", "title": "Business Technology Analyst", "description": null, "location": "Hyderabad, Telangana, India", "logo_url": "https://media.licdn.com/dms/image/C560BAQGNtpblgQpJoQ/company-logo_400_400/0/1662120928214/deloitte_logo?e=1717027200&v=beta&t=98SrIALHnky6SK9kX37kZKnKW_ClcErEm4bEuq9QtiI"}, {"starts_at": {"day": 1, "month": 6, "year": 2020}, "ends_at": {"day": 28, "month": 2, "year": 2021}, "company": "Tata Consultancy Services", "company_linkedin_profile_url": "https://www.linkedin.com/company/tata-consultancy-services/", "title": "Systems Engineer", "description": null, "location": "Hyderabad, Telangana, India", "logo_url": "https://media.licdn.com/dms/image/D4D0BAQHDqw4lWTa_Fw/company-logo_400_400/0/1708946507046/tata_consultancy_services_logo?e=1717027200&v=beta&t=cMaIjRxnUbZeIkgAbBwat-F4iFltLKML9iiaZjmzyNA"}, {"starts_at": {"day": 1, "month": 6, "year": 2018}, "ends_at": {"day": 30, "month": 6, "year": 2020}, "company": "Tata Consultancy Services", "company_linkedin_profile_url": "https://www.linkedin.com/company/tata-consultancy-services/", "title": "Assistant System Engineer", "description": null, "location": "Hyderabad, Telangana, India", "logo_url": "https://media.licdn.com/dms/image/D4D0BAQHDqw4lWTa_Fw/company-logo_400_400/0/1708946507046/tata_consultancy_services_logo?e=1717027200&v=beta&t=cMaIjRxnUbZeIkgAbBwat-F4iFltLKML9iiaZjmzyNA"}, {"starts_at": {"day": 1, "month": 7, "year": 2017}, "ends_at": {"day": 30, "month": 4, "year": 2018}, "company": "GITAM University", "company_linkedin_profile_url": "https://www.linkedin.com/school/gitam-deemed-university/", "title": "Student Placement Co-ordinator of Corporate Liaison Committee", "description": null, "location": "Visakhapatnam, Andhra Pradesh, India", "logo_url": "https://media.licdn.com/dms/image/D560BAQFYwtEOQRZccA/company-logo_400_400/0/1693546945108/gitam_deemed_university_logo?e=1717027200&v=beta&t=ypwGTHJbfODTJXaW7RaahjZMUnaWL4JMY_TEk4g-y1M"}, {"starts_at": {"day": 1, "month": 6, "year": 2017}, "ends_at": {"day": 31, "month": 7, "year": 2017}, "company": "Aspirevision Tech Education pvt Ltd.", "company_linkedin_profile_url": null, "title": "BigData-Hadoop Data Analyst Intern", "description": "\u2022 Hands on experience in installing, configuring and using Apache HADOOP ecosystem components like HDFS, Hadoop Map-Reduce, Hive, Sqoop, Pig, HBase, Flume, Spark. \n\u2022 Expertise in writing Hadoop Jobs for analyzing data using Map-Reduce and Pig.\n\u2022 Worked with Map Reduce programs using Apache Hadoop for working with Big Data. \n\u2022 Hands on experience in importing and exporting data using Sqoop from HDFS to Relational Database Systems(RDBMS) and vice-versa.\n\u2022 Good understanding/knowledge of Hadoop Architecture and various components such as HDFS, Job Tracker, Task Tracker, Name Node, Data Node and Map Reduce concepts. \n\u2022 Involved in running Hadoop jobs for processing millions of records of text data.\n\u2022 Involved in creating Hive tables, and loading and analyzing data using hive queries.\n\u2022 Extracted files from MySQL and placed in HDFS and processed. \n\u2022 Analyzing large data sets by running Hive queries and Pig scripts.\n\u2022 Involved in loading data from LINUX file system to HDFS.", "location": "Hyderabad, Telangana, India", "logo_url": null}, {"starts_at": {"day": 1, "month": 5, "year": 2017}, "ends_at": {"day": 30, "month": 6, "year": 2017}, "company": "Electronics Corporation of India Limited (ECIL), Department of Computer Education, Govt of India.", "company_linkedin_profile_url": null, "title": "Full Stack Web Application Developer Intern", "description": "Developed Web Applications using ASP.Net and JAVA.", "location": "Hyderabad, Telangana, India", "logo_url": null}], "education": [{"starts_at": {"day": 1, "month": 1, "year": 2023}, "ends_at": {"day": 31, "month": 12, "year": 2024}, "field_of_study": "Information Technology and Management", "degree_name": "Master's degree", "school": "Illinois Institute of Technology", "school_linkedin_profile_url": null, "description": null, "logo_url": "https://media.licdn.com/dms/image/C4D0BAQEd6wnmQCCIHw/company-logo_400_400/0/1630559679535/illinois_institute_of_technology_logo?e=1717027200&v=beta&t=vKMqFiVQdUvS1Ig59W0Jj3eeHm1rnbmBQm1B4KvpbuI", "grade": null, "activities_and_societies": null}, {"starts_at": {"day": 1, "month": 1, "year": 2014}, "ends_at": {"day": 31, "month": 1, "year": 2018}, "field_of_study": "Computer Science", "degree_name": "Bachelor of Technology - B.Tech", "school": "GITAM Deemed University", "school_linkedin_profile_url": null, "description": null, "logo_url": "https://media.licdn.com/dms/image/D560BAQFYwtEOQRZccA/company-logo_400_400/0/1693546945108/gitam_deemed_university_logo?e=1717027200&v=beta&t=ypwGTHJbfODTJXaW7RaahjZMUnaWL4JMY_TEk4g-y1M", "grade": null, "activities_and_societies": null}, {"starts_at": {"day": 1, "month": 1, "year": 2012}, "ends_at": {"day": 31, "month": 1, "year": 2014}, "field_of_study": "STATE Board", "degree_name": "Senior Secondary Examination", "school": "Narayana junior college, Hyderabad", "school_linkedin_profile_url": null, "description": null, "logo_url": null, "grade": "96%", "activities_and_societies": null}, {"starts_at": {"day": 1, "month": 1, "year": 2005}, "ends_at": {"day": 31, "month": 1, "year": 2012}, "field_of_study": "CBSE Board", "degree_name": "Secondary Examination", "school": "Sri Prakash Residential School", "school_linkedin_profile_url": null, "description": null, "logo_url": null, "grade": "CGPA - 9.8/10", "activities_and_societies": null}], "languages": ["English", "Hindi", "Telugu"], "accomplishment_organisations": [{"starts_at": null, "ends_at": null, "org_name": "ACM Student Chapter", "title": "Event Co-ordinator", "description": null}, {"starts_at": null, "ends_at": null, "org_name": "VIVAAN - NGO", "title": "Event Co-ordinator and Volunteer.", "description": null}, {"starts_at": null, "ends_at": null, "org_name": "WiCyS - Women in Cyber Security Student Chapter", "title": "Treasurer", "description": null}], "accomplishment_publications": [], "accomplishment_honors_awards": [], "accomplishment_patents": [], "accomplishment_courses": [], "accomplishment_projects": [{"starts_at": {"day": 1, "month": 2, "year": 2023}, "ends_at": {"day": 30, "month": 4, "year": 2023}, "title": "Happiness Prediction Analysis using R Language", "description": "I have created an extensive data analytics project utilizing the R programming language, centered around the Kaggle dataset titled 'Happiness Analysis Report of 2021.' The primary objective of this endeavor is to calculate the Happiness Score for the dystopia region. The project is organized into the subsequent modules:\n\n1) Data Preparation\n2) Data Cleaning\n3) Exploratory Data Analysis\n4) Hypothesis Testing\n5) Correlation Analysis\n6) Simple Linear Regression Model\n7) Multiple Linear Regression Model\n8) Forward Stepwise Subset Selection Linear Regression Model\n9) Backward Stepwise Subset Selection Linear Regression Model\n10) Model Evaluation Metrics", "url": null}, {"starts_at": {"day": 1, "month": 2, "year": 2023}, "ends_at": {"day": 30, "month": 4, "year": 2023}, "title": "Insurance Management System using JFrame and Oracle SQL", "description": "I developed an Insurance Management System that allows users to purchase multiple policies across various insurance categories, including car, vehicle, and travel, all within a single platform. The frontend of the system is built using JFrame, while the backend relies on Oracle DB.\n\nKey features of this application include:\n\n1) Admin Insights Dashboard: This dashboard provides administrators with real-time insights into trending policy names, the number of users utilizing the application, and the total number of policies sold.\n2) User Verification: To ensure security, users must undergo an admin verification process after registration before they can make policy purchases within the application.\n3) Bill Generation: Upon purchasing a policy through the application, users receive a downloadable PDF version of their bill.\n4) Profile Information Modification: Users have the capability to change their security questions and passwords.\n\nThe application involves a variety of database operations, including insertion, updating, deletion, and selection.", "url": null}, {"starts_at": {"day": 1, "month": 7, "year": 2017}, "ends_at": {"day": 31, "month": 3, "year": 2018}, "title": "LightSmart - An IoT based Smart and Efficient Street Light Automation using Cloud", "description": "Intelligent smart street light system works in such a way that street lights will be automatically controlled (ON/OFF) by the centralized control for example: Android app, so that we can minimize the energy consumption to maximum extent, and the most important part of my project is that the live data of the project i.e: information regarding to light system will be sent to cloud to manage the controlling system more effectively and an android app is used to control the central working of the system. This project is aimed at conserving the energy, and effectively maintaining the street light system in an intelligent way where manual work will be minimized with the advent of automation technology.", "url": null}, {"starts_at": {"day": 1, "month": 6, "year": 2017}, "ends_at": {"day": 31, "month": 7, "year": 2017}, "title": "Data Analytics using BIGDATA - HADOOP", "description": "\u2022 Hands on experience in installing, configuring and using Apache HADOOP ecosystem components like HDFS, Hadoop Map-Reduce, Hive, Sqoop, Pig, HBase, Flume, Spark. \n\u2022 Expertise in writing Hadoop Jobs for analyzing data using Map-Reduce and Pig.\n\u2022 Worked with Map Reduce programs using Apache Hadoop for working with Big Data. \n\u2022 Hands on experience in importing and exporting data using Sqoop from HDFS to Relational Database Systems(RDBMS) and vice-versa.\n\u2022 Good understanding/knowledge of Hadoop Architecture and various components such as HDFS, Job Tracker, Task Tracker, Name Node, Data Node and Map Reduce concepts. \n\u2022 Involved in running Hadoop jobs for processing millions of records of text data.\n\u2022 Involved in creating Hive tables, and loading and analyzing data using hive queries.\n\u2022 Extracted files from MySQL and placed in HDFS and processed. \n\u2022 Analyzing large data sets by running Hive queries and Pig scripts.\n\u2022 Involved in loading data from LINUX file system to HDFS.", "url": null}, {"starts_at": {"day": 1, "month": 5, "year": 2017}, "ends_at": {"day": 30, "month": 6, "year": 2017}, "title": "Multi-Banking Transaction System using ASP.Net - C#", "description": "Multi-Banking Transaction System is a platform where all banks across the world are integrated into one single platform, where anyone with Bank Account from any BANK across the world can make transactions here and explore the services provided by Multi-Banking Transaction System and its services are highly secured. So, all are invited here to create an account for free and explore our services.", "url": null}, {"starts_at": {"day": 1, "month": 5, "year": 2017}, "ends_at": {"day": 30, "month": 6, "year": 2017}, "title": "Placement Activity System using JAVA", "description": "This Project is aimed at developing an online placement portal for the Placement department of the University and can be accessed by the organization itself and others as well with proper login credentials provided. This system can be used as an application for the PO (Placement Officer) of the University to manage the student information with regards to placements. Students login can able to upload their information in the form of a CV. Visitors/Company representatives login may also access/search any information put up by Students. Totally, this system is focused on Placement Procedure carried out in any University/College.", "url": null}], "accomplishment_test_scores": [], "volunteer_work": [{"starts_at": null, "ends_at": null, "title": "Member and Volunteer", "cause": "SOCIAL_SERVICES", "company": "Vivaan, opgegaan in ONS Welzijn", "company_linkedin_profile_url": "https://www.linkedin.com/company/vivaan/", "description": null, "logo_url": "https://media.licdn.com/dms/image/C4E0BAQFNW5qBjeKdVg/company-logo_400_400/0/1631328338913?e=1717027200&v=beta&t=06SK5qF2iIWtbfJHXD6i0ltZbCO41C7MhY3uCA2A5wE"}], "certifications": [{"starts_at": {"day": 1, "month": 6, "year": 2021}, "ends_at": null, "name": "Salesforce Certified Platform Developer I", "license_number": null, "display_source": null, "authority": "Salesforce", "url": null}, {"starts_at": {"day": 1, "month": 6, "year": 2017}, "ends_at": null, "name": "Virtualization For Beginners", "license_number": null, "display_source": null, "authority": "VMware", "url": null}, {"starts_at": {"day": 1, "month": 3, "year": 2017}, "ends_at": null, "name": "CyberSecurity and InternetOfThings", "license_number": null, "display_source": null, "authority": "Coursera Course Certificates", "url": null}, {"starts_at": {"day": 1, "month": 3, "year": 2017}, "ends_at": null, "name": "CyberSecurity and Mobility", "license_number": null, "display_source": null, "authority": "Coursera Course Certificates", "url": null}, {"starts_at": {"day": 1, "month": 9, "year": 2016}, "ends_at": null, "name": "Microsoft Azure", "license_number": null, "display_source": null, "authority": null, "url": null}, {"starts_at": {"day": 1, "month": 3, "year": 2016}, "ends_at": null, "name": "PYTHON", "license_number": null, "display_source": null, "authority": null, "url": null}, {"starts_at": {"day": 1, "month": 1, "year": 2016}, "ends_at": null, "name": "BigDataAnalytics-Hadoop", "license_number": null, "display_source": null, "authority": null, "url": null}], "connections": 500, "people_also_viewed": [{"link": "https://www.linkedin.com/in/devi-priyanka-gantla", "name": "Devi Priyanka Gantla", "summary": "Actively Seeking Summer Internship 2024 | Graduate Student at the Texas A&M University - Commerce", "location": null}, {"link": "https://www.linkedin.com/in/kiran-kadambi", "name": "Kiran Kadambi", "summary": "Performance Testing Lead @ PowerSchool - Making Applications Better!", "location": null}, {"link": "https://www.linkedin.com/in/shreyanka-gc-b2335215a", "name": "Shreyanka GC", "summary": "Actively Seeking for Full time opportunities | Graduate Student at Illinois Institute of Technology MCS | Ex-Accenture | SAP HANA | SAP BODs | SAP ERP | Data Analyst | Data Engineer | Full Stack Developer", "location": null}, {"link": "https://www.linkedin.com/in/bharath-balla-a89763168", "name": "Bharath Balla", "summary": "Full Stack Developer | AWS Cloud", "location": null}, {"link": "https://www.linkedin.com/in/koteswar-rao-dt-65845b1a9", "name": "Koteswar Rao DT", "summary": "Ex-CloudOps engineer at DXC Technology", "location": null}, {"link": "https://www.linkedin.com/in/neha-pillai-894268176", "name": "NEHA PILLAI", "summary": "Student at Illinois institute of technology", "location": null}, {"link": "https://www.linkedin.com/in/afreedhussainshaik", "name": "Afreed Hussain Shaik", "summary": "Graduate student at Illinois Institute of Technology at Chicago working as a Software Developer Intern at Maxil Technologies", "location": null}, {"link": "https://www.linkedin.com/in/pulivarthi-nithin", "name": "Nithin Pullivarthi", "summary": "Member of Technical Staff | IAC | Castlight Health", "location": null}, {"link": "https://www.linkedin.com/in/veera-venkata-satya-vrath-juvvadi-681859264", "name": "Veera Venkata Satya Vrath Juvvadi", "summary": "Graduate Student at Illinois Tech", "location": null}, {"link": "https://www.linkedin.com/in/salman-saleem-417343218", "name": "salman saleem", "summary": "Student at Illinois Institute of Technology", "location": null}], "recommendations": [], "activities": [], "similarly_named_profiles": [], "articles": [], "groups": [], "skills": [], "inferred_salary": null, "gender": null, "birth_date": null, "industry": null, "extra": null, "interests": [], "personal_emails": [], "personal_numbers": []}
