{"public_identifier": "vinay-kasa-254452148", "profile_pic_url": "https://s3.us-west-000.backblazeb2.com/proxycurl/person/vinay-kasa-254452148/profile?X-Amz-Algorithm=AWS4-HMAC-SHA256&X-Amz-Credential=0004d7f56a0400b0000000001%2F20240306%2Fus-west-000%2Fs3%2Faws4_request&X-Amz-Date=20240306T023134Z&X-Amz-Expires=3600&X-Amz-SignedHeaders=host&X-Amz-Signature=2248e6caab4284e05bfc29acd19f6f412572277bc530ba2c82d91d7f771d7255", "background_cover_image_url": null, "first_name": "Vinay", "last_name": "Kasa", "full_name": "Vinay Kasa", "follower_count": 245, "occupation": "Digital specialist engineer at Infosys", "headline": "Masters in Information Technology and management at Illinois Tech", "summary": null, "country": "US", "country_full_name": "United States of America", "city": "United States", "state": null, "experiences": [{"starts_at": {"day": 1, "month": 2, "year": 2022}, "ends_at": {"day": 31, "month": 7, "year": 2023}, "company": "Infosys", "company_linkedin_profile_url": "https://www.linkedin.com/company/infosys", "title": "Digital specialist engineer", "description": null, "location": "Hyderabad, Telangana, India", "logo_url": "https://media.licdn.com/dms/image/D4D0BAQE7Zf1-vvfbUA/company-logo_400_400/0/1692876768583/infosys_logo?e=1717632000&v=beta&t=a8foohbLxoCYmkiGRi4AzqnE2CSm_Sgqv93R1dagONQ"}, {"starts_at": {"day": 1, "month": 6, "year": 2021}, "ends_at": {"day": 31, "month": 12, "year": 2021}, "company": "Cognizant", "company_linkedin_profile_url": "https://www.linkedin.com/company/cognizant", "title": "Programmer Analyst Trainee", "description": null, "location": null, "logo_url": "https://media.licdn.com/dms/image/D4E0BAQHDKo68h6DqgQ/company-logo_400_400/0/1688389917808/cognizant_logo?e=1717632000&v=beta&t=kGiKZAQZS8zFpCWHEPKN-Cc_Wy-Mw7mLwapIDPgwPR0"}, {"starts_at": {"day": 1, "month": 1, "year": 2021}, "ends_at": {"day": 31, "month": 5, "year": 2021}, "company": "Cognizant", "company_linkedin_profile_url": "https://www.linkedin.com/company/cognizant", "title": "Intern", "description": null, "location": "Remote", "logo_url": "https://media.licdn.com/dms/image/D4E0BAQHDKo68h6DqgQ/company-logo_400_400/0/1688389917808/cognizant_logo?e=1717632000&v=beta&t=kGiKZAQZS8zFpCWHEPKN-Cc_Wy-Mw7mLwapIDPgwPR0"}], "education": [{"starts_at": {"day": 1, "month": 8, "year": 2023}, "ends_at": {"day": 31, "month": 7, "year": 2025}, "field_of_study": "Information Technology and Management", "degree_name": "Master of Science - MS", "school": "Illinois Institute of Technology", "school_linkedin_profile_url": "https://www.linkedin.com/company/6328/", "description": null, "logo_url": "https://media.licdn.com/dms/image/C4D0BAQEd6wnmQCCIHw/company-logo_400_400/0/1630559679535/illinois_institute_of_technology_logo?e=1717632000&v=beta&t=9_wR1v9lt8WVPSux8a585YLwqzmyIqxwEYp0mHeXRL0", "grade": null, "activities_and_societies": null}, {"starts_at": {"day": 1, "month": 1, "year": 2017}, "ends_at": {"day": 31, "month": 12, "year": 2021}, "field_of_study": "Electronics and communication ", "degree_name": "Bachelor of Technology - BTech", "school": "SRM University", "school_linkedin_profile_url": "https://www.linkedin.com/company/879960/", "description": null, "logo_url": "https://media.licdn.com/dms/image/C510BAQHO4Qj_rvGxUA/company-logo_400_400/0/1630600315247?e=1717632000&v=beta&t=ukNaKZGVAezpcWdIQVIKD1aLVGE2eq9s4rCJ0mpoSKo", "grade": null, "activities_and_societies": null}], "languages": [], "accomplishment_organisations": [], "accomplishment_publications": [], "accomplishment_honors_awards": [], "accomplishment_patents": [], "accomplishment_courses": [], "accomplishment_projects": [], "accomplishment_test_scores": [], "volunteer_work": [], "certifications": [], "connections": 246, "people_also_viewed": [], "recommendations": [], "activities": [], "similarly_named_profiles": [], "articles": [], "groups": [], "skills": [], "inferred_salary": null, "gender": null, "birth_date": null, "industry": null, "extra": null, "interests": [], "personal_emails": [], "personal_numbers": []}
