{"public_identifier": "yashraj-diwate", "profile_pic_url": "https://s3.us-west-000.backblazeb2.com/proxycurl/person/yashraj-diwate/profile?X-Amz-Algorithm=AWS4-HMAC-SHA256&X-Amz-Credential=0004d7f56a0400b0000000001%2F20240305%2Fus-west-000%2Fs3%2Faws4_request&X-Amz-Date=20240305T223236Z&X-Amz-Expires=3600&X-Amz-SignedHeaders=host&X-Amz-Signature=006b42f7e3c7e9eea57c29a1e2b00f49647813b69c51b80616b01b9a00265c3d", "background_cover_image_url": null, "first_name": "Yashraj", "last_name": "Diwate", "full_name": "Yashraj Diwate", "follower_count": 802, "occupation": "Application Development Analyst at Accenture", "headline": "Information Technology Management (ITM) 2025 Graduate Student at Illinois Institute of Technology (Illinois Tech), Chicago | Ex - Accenture | Application Development Analyst", "summary": null, "country": "US", "country_full_name": "United States of America", "city": "Chicago", "state": "Illinois", "experiences": [{"starts_at": {"day": 1, "month": 3, "year": 2023}, "ends_at": {"day": 31, "month": 8, "year": 2023}, "company": "Accenture", "company_linkedin_profile_url": "https://www.linkedin.com/company/accenture", "title": "Application Development Analyst", "description": null, "location": "Pune, Maharashtra, India", "logo_url": "https://media.licdn.com/dms/image/D4E0BAQGTUswcRlgg9A/company-logo_400_400/0/1689352303687/accenture_logo?e=1717632000&v=beta&t=ylUAT9MwW7PErVIQ7d7GkQZdh8oB_leJXdqCoTeow3A"}, {"starts_at": {"day": 1, "month": 2, "year": 2021}, "ends_at": {"day": 31, "month": 3, "year": 2023}, "company": "Accenture", "company_linkedin_profile_url": "https://www.linkedin.com/company/accenture", "title": "Associate Software Engineer", "description": null, "location": "Mumbai, Maharashtra, India", "logo_url": "https://media.licdn.com/dms/image/D4E0BAQGTUswcRlgg9A/company-logo_400_400/0/1689352303687/accenture_logo?e=1717632000&v=beta&t=ylUAT9MwW7PErVIQ7d7GkQZdh8oB_leJXdqCoTeow3A"}, {"starts_at": {"day": 1, "month": 12, "year": 2018}, "ends_at": {"day": 31, "month": 1, "year": 2019}, "company": "Bharat Sanchar Nigam Limited", "company_linkedin_profile_url": "https://www.linkedin.com/company/bsnl", "title": "Internship Trainee", "description": null, "location": "Nashik, Maharashtra, India \u00b7 On-site", "logo_url": "https://media.licdn.com/dms/image/C4E0BAQFeqSn-BIRwcg/company-logo_400_400/0/1631307856363?e=1717632000&v=beta&t=brpt4S9B9Hl2zZJJBQoma3S9xN48NC51E8WpNiI_0Oc"}], "education": [{"starts_at": {"day": 1, "month": 8, "year": 2023}, "ends_at": {"day": 31, "month": 8, "year": 2025}, "field_of_study": "Information Technology Management", "degree_name": "Master's degree", "school": "Illinois Institute of Technology", "school_linkedin_profile_url": "https://www.linkedin.com/company/6328/", "description": null, "logo_url": "https://media.licdn.com/dms/image/C4D0BAQEd6wnmQCCIHw/company-logo_400_400/0/1630559679535/illinois_institute_of_technology_logo?e=1717632000&v=beta&t=9_wR1v9lt8WVPSux8a585YLwqzmyIqxwEYp0mHeXRL0", "grade": null, "activities_and_societies": null}, {"starts_at": {"day": 1, "month": 1, "year": 2016}, "ends_at": {"day": 31, "month": 12, "year": 2019}, "field_of_study": "Electronics and telecommunications ", "degree_name": "BE - Bachelor of Engineering", "school": "Sinhgad College of Engineering", "school_linkedin_profile_url": "https://www.linkedin.com/company/15122400/", "description": null, "logo_url": "https://media.licdn.com/dms/image/C4E0BAQGvnYd1TSSKxA/company-logo_400_400/0/1630587015848/sinhgad_college_of_engineering_logo?e=1717632000&v=beta&t=U4alVglrUEbWqKH5QC70MQmOwE8F-nxeR6X6nufhJes", "grade": null, "activities_and_societies": null}], "languages": [], "accomplishment_organisations": [], "accomplishment_publications": [], "accomplishment_honors_awards": [], "accomplishment_patents": [], "accomplishment_courses": [], "accomplishment_projects": [], "accomplishment_test_scores": [], "volunteer_work": [], "certifications": [{"starts_at": {"day": 1, "month": 11, "year": 2020}, "ends_at": null, "name": "Data Science", "license_number": "BI20A0784854958", "display_source": null, "authority": "Board Infinity", "url": null}, {"starts_at": {"day": 1, "month": 9, "year": 2020}, "ends_at": null, "name": "Programming for Everybody (Getting Started with Python)", "license_number": "DKE2QYL6C2BV", "display_source": null, "authority": "University of Michigan | Coursera", "url": null}], "connections": 802, "people_also_viewed": [], "recommendations": [], "activities": [], "similarly_named_profiles": [], "articles": [], "groups": [{"profile_pic_url": "https://media.licdn.com/dms/image/D5607AQEtvSu2ArjIoQ/group-logo_image-shrink_400x400/0/1690995189755?e=1710201600&v=beta&t=krsztsYXLoQbPuZlLEgS6YGIG4keYeI8OkPtlK27clU", "name": "Illinois Tech Stuart Career Management Center", "url": "https://www.linkedin.com/groups/1369727"}, {"profile_pic_url": "https://media.licdn.com/dms/image/D5607AQG7bipm7ZScgQ/group-logo_image-shrink_400x400/0/1695559679938?e=1710201600&v=beta&t=4Hsf44pAOMf5c61ib5plEfPpjT0Z32UWOXhgcZ-oGj4", "name": "Illinois Tech \ud835\uddd6\ud835\uddee\ud835\uddff\ud835\uddf2\ud835\uddf2\ud835\uddff \ud835\udde6\ud835\uddf2\ud835\uddff\ud835\ude03\ud835\uddf6\ud835\uddf0\ud835\uddf2\ud835\ude00", "url": "https://www.linkedin.com/groups/14088794"}], "skills": [], "inferred_salary": null, "gender": null, "birth_date": null, "industry": null, "extra": null, "interests": [], "personal_emails": [], "personal_numbers": []}
